pedido_id,codigo,fecha_pedido,distancia_km,duracion_estimada_min,tiempo_preparacion_estimado_min,cantidad_items,hora_pedido,dia_semana,hora_pico,fin_semana,pedidos_activos,tiempo_estimado_total_min,duracion_real_min,retraso
115,PED-HIST-000001,2026-09-08 16:53:28+00:00,2.88,10,6,1,11,1,0,0,0,16,16,0
116,PED-HIST-000002,2026-09-08 17:03:36+00:00,3.57,16,15,2,12,1,1,0,1,31,34,0
117,PED-HIST-000003,2026-09-08 17:04:19+00:00,1.58,7,20,4,12,1,1,0,2,27,30,0
118,PED-HIST-000004,2026-09-08 17:14:20+00:00,3.44,12,15,2,12,1,1,0,2,27,24,0
119,PED-HIST-000005,2026-09-08 17:18:01+00:00,7.29,23,20,3,12,1,1,0,3,43,54,1
120,PED-HIST-000006,2026-09-08 17:28:45+00:00,3.58,14,8,2,12,1,1,0,4,22,18,0
121,PED-HIST-000007,2026-09-08 17:56:06+00:00,0.99,5,5,2,12,1,1,0,1,10,11,0
122,PED-HIST-000008,2026-09-08 18:02:05+00:00,1.08,9,18,5,13,1,1,0,2,27,32,0
123,PED-HIST-000009,2026-09-08 18:38:17+00:00,7.82,24,5,3,13,1,1,0,0,29,29,0
124,PED-HIST-000010,2026-09-08 18:53:47+00:00,4.68,15,12,3,13,1,1,0,1,27,39,1
125,PED-HIST-000011,2026-09-08 18:59:01+00:00,3.83,14,5,3,13,1,1,0,2,19,29,1
126,PED-HIST-000012,2026-09-08 19:23:38+00:00,4.61,18,6,2,14,1,1,0,2,24,24,0
127,PED-HIST-000013,2026-09-08 19:27:58+00:00,4.99,16,20,2,14,1,1,0,1,36,50,1
128,PED-HIST-000014,2026-09-08 19:41:04+00:00,1.61,10,20,3,14,1,1,0,2,30,36,1
129,PED-HIST-000015,2026-09-08 19:49:16+00:00,3.54,15,1,2,14,1,1,0,2,16,27,1
130,PED-HIST-000016,2026-09-08 19:51:13+00:00,1.3,7,5,3,14,1,1,0,3,12,10,0
131,PED-HIST-000017,2026-09-08 19:59:56+00:00,1.14,8,8,2,14,1,1,0,4,16,21,0
132,PED-HIST-000018,2026-09-08 20:19:33+00:00,3.54,16,20,6,15,1,0,0,0,36,50,1
133,PED-HIST-000019,2026-09-08 20:22:52+00:00,1.42,10,15,1,15,1,0,0,1,25,28,0
134,PED-HIST-000020,2026-09-08 20:26:35+00:00,1.76,11,13,5,15,1,0,0,2,24,40,1
135,PED-HIST-000021,2026-09-08 20:57:44+00:00,2.84,14,12,2,15,1,0,0,2,26,26,0
136,PED-HIST-000022,2026-09-08 21:08:39+00:00,3.74,13,20,3,16,1,0,0,2,33,33,0
137,PED-HIST-000023,2026-09-08 21:51:18+00:00,1.08,5,8,4,16,1,0,0,0,13,13,0
138,PED-HIST-000024,2026-09-08 22:05:11+00:00,4.69,17,1,1,17,1,0,0,1,18,14,0
139,PED-HIST-000025,2026-09-08 22:55:12+00:00,4.26,16,10,1,17,1,0,0,0,26,22,0
140,PED-HIST-000026,2026-09-08 23:34:22+00:00,4.79,17,15,3,18,1,0,0,0,32,31,0
141,PED-HIST-000027,2026-09-08 23:40:31+00:00,6.49,21,10,2,18,1,0,0,1,31,40,1
142,PED-HIST-000028,2026-09-08 23:57:06+00:00,1.58,8,1,2,18,1,0,0,2,9,10,0
143,PED-HIST-000029,2026-09-09 01:01:25+00:00,2.48,13,20,1,20,1,1,0,0,33,31,0
144,PED-HIST-000030,2026-09-09 01:21:43+00:00,3.4,11,16,4,20,1,1,0,1,27,26,0
145,PED-HIST-000031,2026-09-09 01:40:23+00:00,1.57,7,22,6,20,1,1,0,1,29,40,1
146,PED-HIST-000032,2026-09-09 01:45:01+00:00,1.87,9,6,1,20,1,1,0,2,15,32,1
147,PED-HIST-000033,2026-09-09 01:57:38+00:00,2.8,12,15,2,20,1,1,0,2,27,32,0
148,PED-HIST-000034,2026-09-09 02:05:13+00:00,0.98,7,16,3,21,1,1,0,3,23,23,0
149,PED-HIST-000035,2026-09-09 02:16:03+00:00,2.44,9,12,1,21,1,1,0,2,21,34,1
150,PED-HIST-000036,2026-09-09 02:50:56+00:00,3.48,14,5,1,21,1,1,0,0,19,16,0
151,PED-HIST-000037,2026-09-09 03:10:05+00:00,4.15,16,1,3,22,1,0,0,0,17,16,0
152,PED-HIST-000038,2026-09-09 03:13:04+00:00,2.24,10,8,1,22,1,0,0,1,18,18,0
153,PED-HIST-000039,2026-09-09 03:22:35+00:00,4.52,16,1,2,22,1,0,0,2,17,28,1
154,PED-HIST-000040,2026-09-09 03:24:22+00:00,2.59,9,8,2,22,1,0,0,3,17,21,0
155,PED-HIST-000041,2026-09-09 03:25:18+00:00,2.29,10,12,2,22,1,0,0,4,22,18,0
156,PED-HIST-000042,2026-09-09 03:26:23+00:00,1.26,7,1,1,22,1,0,0,4,8,24,1
157,PED-HIST-000043,2026-09-09 16:01:54+00:00,3.28,13,20,2,11,2,0,0,0,33,44,1
158,PED-HIST-000044,2026-09-09 16:16:06+00:00,2.47,10,18,4,11,2,0,0,1,28,32,0
159,PED-HIST-000045,2026-09-09 16:41:30+00:00,4.23,14,12,2,11,2,0,0,2,26,22,0
160,PED-HIST-000046,2026-09-09 16:44:24+00:00,2.43,9,8,1,11,2,0,0,3,17,17,0
161,PED-HIST-000047,2026-09-09 17:27:31+00:00,6.36,19,1,1,12,2,1,0,0,20,22,0
162,PED-HIST-000048,2026-09-09 17:47:24+00:00,2.33,10,5,1,12,2,1,0,1,15,19,0
163,PED-HIST-000049,2026-09-09 18:10:46+00:00,1.18,8,15,6,13,2,1,0,0,23,29,1
164,PED-HIST-000050,2026-09-09 18:15:59+00:00,3.03,10,12,2,13,2,1,0,1,22,20,0
165,PED-HIST-000051,2026-09-09 18:55:48+00:00,1.21,6,15,4,13,2,1,0,0,21,25,0
166,PED-HIST-000052,2026-09-09 18:55:48+00:00,4.67,14,18,4,13,2,1,0,1,32,30,0
167,PED-HIST-000053,2026-09-09 19:07:47+00:00,0.6,5,1,1,14,2,1,0,2,6,8,0
168,PED-HIST-000054,2026-09-09 20:04:57+00:00,3.4,15,8,1,15,2,0,0,0,23,28,0
169,PED-HIST-000055,2026-09-09 20:16:35+00:00,2.03,12,8,2,15,2,0,0,1,20,16,0
170,PED-HIST-000056,2026-09-09 20:21:18+00:00,2.03,10,5,1,15,2,0,0,2,15,17,0
171,PED-HIST-000057,2026-09-09 21:41:35+00:00,4.17,16,5,2,16,2,0,0,0,21,19,0
172,PED-HIST-000058,2026-09-09 22:16:42+00:00,4.89,16,7,4,17,2,0,0,0,23,28,0
173,PED-HIST-000059,2026-09-09 22:17:03+00:00,2.92,14,5,2,17,2,0,0,1,19,34,1
174,PED-HIST-000060,2026-09-09 22:20:48+00:00,4.39,16,12,4,17,2,0,0,2,28,32,0
175,PED-HIST-000061,2026-09-09 22:29:58+00:00,8.5,27,7,4,17,2,0,0,3,34,51,1
176,PED-HIST-000062,2026-09-09 22:38:05+00:00,1.84,10,24,5,17,2,0,0,4,34,47,1
177,PED-HIST-000063,2026-09-09 22:46:53+00:00,4.91,17,20,3,17,2,0,0,3,37,46,1
178,PED-HIST-000064,2026-09-09 23:12:14+00:00,1.97,12,8,2,18,2,0,0,1,20,37,1
179,PED-HIST-000065,2026-09-09 23:22:04+00:00,2.67,10,20,3,18,2,0,0,2,30,46,1
180,PED-HIST-000066,2026-09-09 23:28:34+00:00,2.58,11,18,1,18,2,0,0,2,29,37,1
181,PED-HIST-000067,2026-09-09 23:35:00+00:00,2.5,11,15,3,18,2,0,0,3,26,28,0
182,PED-HIST-000068,2026-09-09 23:57:39+00:00,1.15,6,10,3,18,2,0,0,1,16,14,0
183,PED-HIST-000069,2026-09-09 23:59:58+00:00,2.18,8,8,3,18,2,0,0,2,16,16,0
184,PED-HIST-000070,2026-09-10 00:18:07+00:00,2.92,12,20,2,19,2,1,0,1,32,31,0
185,PED-HIST-000071,2026-09-10 01:15:43+00:00,1.34,9,20,2,20,2,1,0,0,29,37,1
186,PED-HIST-000072,2026-09-10 01:26:04+00:00,2.71,11,5,2,20,2,1,0,1,16,15,0
187,PED-HIST-000073,2026-09-10 01:28:55+00:00,3.68,12,5,1,20,2,1,0,2,17,20,0
188,PED-HIST-000074,2026-09-10 01:30:28+00:00,3.43,14,15,4,20,2,1,0,3,29,47,1
189,PED-HIST-000075,2026-09-10 01:41:20+00:00,3.69,16,20,2,20,2,1,0,4,36,41,0
190,PED-HIST-000076,2026-09-10 01:57:16+00:00,2.83,11,15,4,20,2,1,0,2,26,38,1
191,PED-HIST-000077,2026-09-10 02:01:56+00:00,1.99,12,23,5,21,2,1,0,3,35,53,1
192,PED-HIST-000078,2026-09-10 02:06:41+00:00,3.09,14,5,1,21,2,1,0,4,19,31,1
193,PED-HIST-000079,2026-09-10 02:11:14+00:00,1.25,8,20,3,21,2,1,0,5,28,27,0
194,PED-HIST-000080,2026-09-10 02:36:07+00:00,3.68,13,16,2,21,2,1,0,2,29,31,0
195,PED-HIST-000081,2026-09-10 03:15:37+00:00,3.56,12,8,2,22,2,0,0,1,20,17,0
196,PED-HIST-000082,2026-09-10 03:19:59+00:00,3.02,11,16,2,22,2,0,0,2,27,23,0
197,PED-HIST-000083,2026-09-10 03:20:14+00:00,0.61,8,18,4,22,2,0,0,3,26,23,0
198,PED-HIST-000084,2026-09-10 03:26:01+00:00,5.46,17,18,3,22,2,0,0,4,35,49,1
199,PED-HIST-000085,2026-09-10 16:14:03+00:00,3.38,15,20,5,11,3,0,0,0,35,47,1
200,PED-HIST-000086,2026-09-10 16:26:22+00:00,3.85,14,10,1,11,3,0,0,1,24,33,1
201,PED-HIST-000087,2026-09-10 16:33:55+00:00,5.39,16,6,4,11,3,0,0,2,22,22,0
202,PED-HIST-000088,2026-09-10 16:40:33+00:00,1.07,9,8,2,11,3,0,0,3,17,16,0
203,PED-HIST-000089,2026-09-10 16:50:33+00:00,2.69,12,10,3,11,3,0,0,3,22,39,1
204,PED-HIST-000090,2026-09-10 16:55:30+00:00,3.41,12,15,1,11,3,0,0,2,27,26,0
205,PED-HIST-000091,2026-09-10 17:08:31+00:00,3.6,15,8,1,12,3,1,0,2,23,19,0
206,PED-HIST-000092,2026-09-10 17:23:13+00:00,1.53,7,18,1,12,3,1,0,1,25,25,0
207,PED-HIST-000093,2026-09-10 17:47:10+00:00,4.46,13,10,2,12,3,1,0,0,23,25,0
208,PED-HIST-000094,2026-09-10 18:16:57+00:00,0.93,6,5,1,13,3,1,0,0,11,11,0
209,PED-HIST-000095,2026-09-10 18:28:10+00:00,1.85,7,8,2,13,3,1,0,1,15,12,0
210,PED-HIST-000096,2026-09-10 18:57:49+00:00,3.78,14,5,2,13,3,1,0,0,19,32,1
211,PED-HIST-000097,2026-09-10 19:47:32+00:00,1.97,10,6,1,14,3,1,0,0,16,28,1
212,PED-HIST-000098,2026-09-10 20:07:45+00:00,2.73,12,12,1,15,3,0,0,0,24,20,0
213,PED-HIST-000099,2026-09-10 20:58:55+00:00,0.6,5,5,2,15,3,0,0,0,10,14,0
214,PED-HIST-000100,2026-09-10 21:16:35+00:00,5.3,18,6,1,16,3,0,0,0,24,40,1
215,PED-HIST-000101,2026-09-10 21:23:10+00:00,1.56,7,15,3,16,3,0,0,1,22,20,0
216,PED-HIST-000102,2026-09-10 21:34:33+00:00,4.01,16,16,3,16,3,0,0,2,32,32,0
217,PED-HIST-000103,2026-09-10 22:35:52+00:00,8.5,23,12,4,17,3,0,0,0,35,48,1
218,PED-HIST-000104,2026-09-10 23:00:04+00:00,2.68,12,15,2,18,3,0,0,1,27,24,0
219,PED-HIST-000105,2026-09-10 23:12:01+00:00,2.15,12,8,1,18,3,0,0,2,20,21,0
220,PED-HIST-000106,2026-09-10 23:47:29+00:00,3.98,13,6,1,18,3,0,0,0,19,16,0
221,PED-HIST-000107,2026-09-11 00:09:06+00:00,0.6,9,13,5,19,3,1,0,0,22,37,1
222,PED-HIST-000108,2026-09-11 00:29:22+00:00,4.31,15,15,3,19,3,1,0,1,30,40,1
223,PED-HIST-000109,2026-09-11 00:42:57+00:00,1.48,11,12,4,19,3,1,0,1,23,26,0
224,PED-HIST-000110,2026-09-11 01:07:16+00:00,8.5,26,1,2,20,3,1,0,1,27,26,0
225,PED-HIST-000111,2026-09-11 01:14:40+00:00,6.11,18,10,3,20,3,1,0,2,28,32,0
226,PED-HIST-000112,2026-09-11 01:15:53+00:00,7.11,20,12,1,20,3,1,0,3,32,44,1
227,PED-HIST-000113,2026-09-11 01:26:38+00:00,4.92,19,1,2,20,3,1,0,3,20,20,0
228,PED-HIST-000114,2026-09-11 01:43:33+00:00,0.82,5,16,6,20,3,1,0,2,21,26,0
229,PED-HIST-000115,2026-09-11 01:46:06+00:00,3.08,13,8,1,20,3,1,0,3,21,19,0
230,PED-HIST-000116,2026-09-11 01:58:04+00:00,0.6,6,20,4,20,3,1,0,2,26,29,0
231,PED-HIST-000117,2026-09-11 02:01:25+00:00,1.64,7,12,2,21,3,1,0,3,19,25,1
232,PED-HIST-000118,2026-09-11 02:26:23+00:00,1.12,6,16,4,21,3,1,0,1,22,29,1
233,PED-HIST-000119,2026-09-11 02:28:56+00:00,5.17,16,12,1,21,3,1,0,2,28,29,0
234,PED-HIST-000120,2026-09-11 02:29:34+00:00,2.53,12,7,3,21,3,1,0,2,19,15,0
235,PED-HIST-000121,2026-09-11 02:41:50+00:00,4.76,14,15,2,21,3,1,0,3,29,25,0
236,PED-HIST-000122,2026-09-11 02:50:11+00:00,2.38,11,18,4,21,3,1,0,2,29,40,1
237,PED-HIST-000123,2026-09-11 03:02:28+00:00,1.88,7,16,1,22,3,0,0,2,23,28,0
238,PED-HIST-000124,2026-09-11 03:11:49+00:00,0.6,8,5,3,22,3,0,0,3,13,13,0
239,PED-HIST-000125,2026-09-11 03:13:26+00:00,2.74,13,15,3,22,3,0,0,4,28,26,0
240,PED-HIST-000126,2026-09-11 03:20:34+00:00,3.91,16,6,2,22,3,0,0,4,22,27,0
241,PED-HIST-000127,2026-09-11 16:01:32+00:00,4.78,19,1,2,11,4,0,1,0,20,27,1
242,PED-HIST-000128,2026-09-11 16:40:09+00:00,1.64,8,1,1,11,4,0,1,0,9,14,0
243,PED-HIST-000129,2026-09-11 16:49:56+00:00,2.73,11,20,4,11,4,0,1,1,31,38,1
244,PED-HIST-000130,2026-09-11 16:59:44+00:00,3.15,12,20,2,11,4,0,1,2,32,34,0
245,PED-HIST-000131,2026-09-11 17:14:23+00:00,1.67,9,21,5,12,4,1,1,2,30,48,1
246,PED-HIST-000132,2026-09-11 17:20:32+00:00,2.8,12,8,2,12,4,1,1,2,20,32,1
247,PED-HIST-000133,2026-09-11 17:32:09+00:00,0.79,7,15,4,12,4,1,1,3,22,28,1
248,PED-HIST-000134,2026-09-11 17:33:23+00:00,1.62,10,16,1,12,4,1,1,3,26,23,0
249,PED-HIST-000135,2026-09-11 17:35:39+00:00,6.56,20,1,3,12,4,1,1,4,21,21,0
250,PED-HIST-000136,2026-09-11 17:37:26+00:00,1.61,7,18,3,12,4,1,1,4,25,26,0
251,PED-HIST-000137,2026-09-11 17:40:23+00:00,8.5,25,10,2,12,4,1,1,4,35,38,0
252,PED-HIST-000138,2026-09-11 17:44:44+00:00,1.13,6,5,1,12,4,1,1,5,11,11,0
253,PED-HIST-000139,2026-09-11 18:11:35+00:00,1.93,9,10,3,13,4,1,1,0,19,37,1
254,PED-HIST-000140,2026-09-11 18:16:19+00:00,1.2,6,15,2,13,4,1,1,1,21,20,0
255,PED-HIST-000141,2026-09-11 18:30:17+00:00,7.35,20,1,1,13,4,1,1,1,21,18,0
256,PED-HIST-000142,2026-09-11 19:04:22+00:00,1.43,9,5,1,14,4,1,1,0,14,16,0
257,PED-HIST-000143,2026-09-11 19:06:22+00:00,2.77,10,20,4,14,4,1,1,1,30,36,1
258,PED-HIST-000144,2026-09-11 19:17:48+00:00,2.56,13,12,4,14,4,1,1,2,25,37,1
259,PED-HIST-000145,2026-09-11 19:30:13+00:00,0.6,8,19,5,14,4,1,1,2,27,36,1
260,PED-HIST-000146,2026-09-11 19:31:25+00:00,8.5,24,20,2,14,4,1,1,3,44,40,0
261,PED-HIST-000147,2026-09-11 19:48:30+00:00,3.15,11,8,4,14,4,1,1,2,19,20,0
262,PED-HIST-000148,2026-09-11 19:48:36+00:00,1.47,7,5,1,14,4,1,1,3,12,19,1
263,PED-HIST-000149,2026-09-11 20:28:43+00:00,5.84,19,15,2,15,4,0,1,0,34,52,1
264,PED-HIST-000150,2026-09-11 21:44:06+00:00,1.1,6,15,4,16,4,0,1,0,21,21,0
265,PED-HIST-000151,2026-09-11 21:47:51+00:00,2.59,13,15,1,16,4,0,1,1,28,32,0
266,PED-HIST-000152,2026-09-11 22:43:40+00:00,7.28,20,12,2,17,4,0,1,0,32,42,1
267,PED-HIST-000153,2026-09-11 23:04:21+00:00,2.29,12,1,2,18,4,0,1,1,13,15,0
268,PED-HIST-000154,2026-09-11 23:26:48+00:00,2.38,12,16,1,18,4,0,1,1,28,24,0
269,PED-HIST-000155,2026-09-11 23:30:30+00:00,2.45,11,5,1,18,4,0,1,2,16,15,0
270,PED-HIST-000156,2026-09-11 23:39:23+00:00,2.97,10,17,5,18,4,0,1,2,27,23,0
271,PED-HIST-000157,2026-09-11 23:50:08+00:00,2.24,11,8,1,18,4,0,1,2,19,17,0
272,PED-HIST-000158,2026-09-11 23:50:21+00:00,3.26,12,5,1,18,4,0,1,3,17,13,0
273,PED-HIST-000159,2026-09-12 00:01:19+00:00,1.93,11,15,2,19,4,1,1,3,26,24,0
274,PED-HIST-000160,2026-09-12 00:15:52+00:00,1.38,7,1,1,19,4,1,1,1,8,18,1
275,PED-HIST-000161,2026-09-12 00:20:26+00:00,2.57,10,8,3,19,4,1,1,2,18,20,0
276,PED-HIST-000162,2026-09-12 00:33:46+00:00,0.6,8,17,6,19,4,1,1,2,25,37,1
277,PED-HIST-000163,2026-09-12 00:39:55+00:00,3.71,12,15,2,19,4,1,1,2,27,26,0
278,PED-HIST-000164,2026-09-12 00:42:50+00:00,2.02,9,6,2,19,4,1,1,3,15,15,0
279,PED-HIST-000165,2026-09-12 00:47:36+00:00,4.31,14,10,1,19,4,1,1,4,24,22,0
280,PED-HIST-000166,2026-09-12 01:02:23+00:00,0.85,9,10,1,20,4,1,1,2,19,24,0
281,PED-HIST-000167,2026-09-12 01:15:16+00:00,1.89,11,7,1,20,4,1,1,1,18,15,0
282,PED-HIST-000168,2026-09-12 01:23:59+00:00,6.29,18,15,2,20,4,1,1,1,33,43,1
283,PED-HIST-000169,2026-09-12 01:53:10+00:00,7.01,22,15,2,20,4,1,1,0,37,47,1
284,PED-HIST-000170,2026-09-12 01:55:28+00:00,2.21,12,8,3,20,4,1,1,1,20,25,0
285,PED-HIST-000171,2026-09-12 02:17:20+00:00,1.35,9,12,2,21,4,1,1,2,21,23,0
286,PED-HIST-000172,2026-09-12 02:40:08+00:00,5.02,16,15,4,21,4,1,1,1,31,40,1
287,PED-HIST-000173,2026-09-12 02:48:55+00:00,2.81,10,20,2,21,4,1,1,1,30,36,1
288,PED-HIST-000174,2026-09-12 02:57:40+00:00,1.35,10,8,3,21,4,1,1,2,18,32,1
289,PED-HIST-000175,2026-09-12 03:02:49+00:00,2.57,10,20,4,22,4,0,1,3,30,37,1
290,PED-HIST-000176,2026-09-12 03:09:20+00:00,2.34,11,7,2,22,4,0,1,4,18,30,1
291,PED-HIST-000177,2026-09-12 03:14:08+00:00,3.21,13,19,6,22,4,0,1,5,32,35,0
292,PED-HIST-000178,2026-09-12 03:20:08+00:00,1.77,11,1,1,22,4,0,1,5,12,13,0
293,PED-HIST-000179,2026-09-12 03:21:12+00:00,3.5,12,20,1,22,4,0,1,6,32,50,1
294,PED-HIST-000180,2026-09-12 16:20:32+00:00,3.18,14,16,3,11,5,0,1,0,30,43,1
295,PED-HIST-000181,2026-09-12 16:31:45+00:00,4.69,17,20,4,11,5,0,1,1,37,50,1
296,PED-HIST-000182,2026-09-12 16:37:31+00:00,2.0,10,1,2,11,5,0,1,2,11,15,0
297,PED-HIST-000183,2026-09-12 16:56:44+00:00,1.22,7,16,4,11,5,0,1,1,23,21,0
298,PED-HIST-000184,2026-09-12 17:00:34+00:00,1.39,6,20,3,12,5,1,1,2,26,36,1
299,PED-HIST-000185,2026-09-12 17:19:20+00:00,3.15,14,12,2,12,5,1,1,2,26,25,0
300,PED-HIST-000186,2026-09-12 17:21:57+00:00,2.6,12,16,3,12,5,1,1,2,28,26,0
301,PED-HIST-000187,2026-09-12 17:32:44+00:00,1.36,8,7,1,12,5,1,1,2,15,12,0
302,PED-HIST-000188,2026-09-12 17:42:37+00:00,2.5,10,16,3,12,5,1,1,3,26,27,0
303,PED-HIST-000189,2026-09-12 17:48:41+00:00,1.21,9,12,3,12,5,1,1,2,21,26,0
304,PED-HIST-000190,2026-09-12 17:52:35+00:00,2.59,13,20,4,12,5,1,1,3,33,50,1
305,PED-HIST-000191,2026-09-12 17:58:40+00:00,2.72,12,20,2,12,5,1,1,3,32,40,1
306,PED-HIST-000192,2026-09-12 18:03:42+00:00,8.27,25,16,4,13,5,1,1,4,41,56,1
307,PED-HIST-000193,2026-09-12 18:18:34+00:00,6.32,19,1,1,13,5,1,1,3,20,36,1
308,PED-HIST-000194,2026-09-12 18:37:28+00:00,3.52,13,16,2,13,5,1,1,4,29,40,1
309,PED-HIST-000195,2026-09-12 18:40:54+00:00,1.68,11,12,3,13,5,1,1,4,23,35,1
310,PED-HIST-000196,2026-09-12 18:42:44+00:00,7.4,21,10,1,13,5,1,1,5,31,46,1
311,PED-HIST-000197,2026-09-12 18:43:33+00:00,1.14,7,15,4,13,5,1,1,6,22,30,1
312,PED-HIST-000198,2026-09-12 18:58:04+00:00,1.97,11,15,2,13,5,1,1,4,26,44,1
313,PED-HIST-000199,2026-09-12 19:02:14+00:00,3.41,12,10,2,14,5,1,1,5,22,25,0
314,PED-HIST-000200,2026-09-12 19:06:53+00:00,2.45,11,8,1,14,5,1,1,5,19,26,1
315,PED-HIST-000201,2026-09-12 19:14:20+00:00,6.4,22,20,2,14,5,1,1,4,42,55,1
316,PED-HIST-000202,2026-09-12 19:14:41+00:00,0.96,6,18,2,14,5,1,1,5,24,27,0
317,PED-HIST-000203,2026-09-12 19:17:14+00:00,4.61,15,5,1,14,5,1,1,6,20,37,1
318,PED-HIST-000204,2026-09-12 19:41:30+00:00,3.53,14,8,1,14,5,1,1,2,22,25,0
319,PED-HIST-000205,2026-09-12 19:55:49+00:00,0.6,6,7,1,14,5,1,1,2,13,23,1
320,PED-HIST-000206,2026-09-12 19:59:59+00:00,5.93,19,18,4,14,5,1,1,3,37,42,0
321,PED-HIST-000207,2026-09-12 20:27:06+00:00,4.15,13,1,1,15,5,0,1,1,14,21,1
322,PED-HIST-000208,2026-09-12 20:57:19+00:00,8.5,25,12,2,15,5,0,1,0,37,43,1
323,PED-HIST-000209,2026-09-12 21:01:33+00:00,2.6,11,15,1,16,5,0,1,1,26,38,1
324,PED-HIST-000210,2026-09-12 21:15:18+00:00,4.35,14,8,1,16,5,0,1,2,22,23,0
325,PED-HIST-000211,2026-09-12 21:21:25+00:00,3.65,13,15,3,16,5,0,1,3,28,29,0
326,PED-HIST-000212,2026-09-12 21:30:48+00:00,2.95,14,5,1,16,5,0,1,3,19,24,0
327,PED-HIST-000213,2026-09-12 22:11:57+00:00,4.48,16,12,2,17,5,0,1,0,28,27,0
328,PED-HIST-000214,2026-09-12 22:18:07+00:00,1.0,8,7,1,17,5,0,1,1,15,12,0
329,PED-HIST-000215,2026-09-12 22:49:53+00:00,5.75,19,12,2,17,5,0,1,0,31,46,1
330,PED-HIST-000216,2026-09-12 23:22:57+00:00,0.6,8,8,1,18,5,0,1,1,16,15,0
331,PED-HIST-000217,2026-09-12 23:43:01+00:00,1.34,10,12,1,18,5,0,1,0,22,25,0
332,PED-HIST-000218,2026-09-12 23:44:54+00:00,1.11,7,5,1,18,5,0,1,1,12,22,1
333,PED-HIST-000219,2026-09-13 00:03:49+00:00,0.6,6,8,3,19,5,1,1,1,14,17,0
334,PED-HIST-000220,2026-09-13 00:16:46+00:00,2.67,12,15,5,19,5,1,1,0,27,26,0
335,PED-HIST-000221,2026-09-13 00:34:14+00:00,8.5,27,10,6,19,5,1,1,1,37,51,1
336,PED-HIST-000222,2026-09-13 00:34:22+00:00,1.82,10,8,2,19,5,1,1,2,18,17,0
337,PED-HIST-000223,2026-09-13 00:36:48+00:00,7.11,23,20,2,19,5,1,1,3,43,45,0
338,PED-HIST-000224,2026-09-13 00:56:05+00:00,0.6,5,7,1,19,5,1,1,2,12,14,0
339,PED-HIST-000225,2026-09-13 01:00:31+00:00,3.01,11,16,1,20,5,1,1,3,27,31,0
340,PED-HIST-000226,2026-09-13 01:12:54+00:00,0.91,7,1,1,20,5,1,1,4,8,17,1
341,PED-HIST-000227,2026-09-13 01:43:39+00:00,1.8,8,7,2,20,5,1,1,0,15,14,0
342,PED-HIST-000228,2026-09-13 01:53:29+00:00,0.6,6,16,2,20,5,1,1,1,22,36,1
343,PED-HIST-000229,2026-09-13 01:58:35+00:00,3.11,12,10,3,20,5,1,1,2,22,34,1
344,PED-HIST-000230,2026-09-13 02:00:54+00:00,2.64,10,5,1,21,5,1,1,2,15,12,0
345,PED-HIST-000231,2026-09-13 02:04:27+00:00,5.85,18,8,2,21,5,1,1,3,26,31,0
346,PED-HIST-000232,2026-09-13 02:08:27+00:00,1.51,7,20,2,21,5,1,1,4,27,42,1
347,PED-HIST-000233,2026-09-13 02:28:49+00:00,0.6,5,15,5,21,5,1,1,3,20,32,1
348,PED-HIST-000234,2026-09-13 02:29:35+00:00,3.65,12,18,2,21,5,1,1,4,30,44,1
349,PED-HIST-000235,2026-09-13 02:38:10+00:00,7.2,23,10,3,21,5,1,1,4,33,50,1
350,PED-HIST-000236,2026-09-13 02:41:00+00:00,1.66,11,20,4,21,5,1,1,4,31,44,1
351,PED-HIST-000237,2026-09-13 02:56:14+00:00,1.97,10,20,2,21,5,1,1,3,30,32,0
352,PED-HIST-000238,2026-09-13 02:57:01+00:00,1.02,10,10,4,21,5,1,1,4,20,29,1
353,PED-HIST-000239,2026-09-13 03:08:19+00:00,1.08,5,1,1,22,5,0,1,3,6,9,0
354,PED-HIST-000240,2026-09-13 03:12:45+00:00,1.47,9,12,4,22,5,0,1,4,21,20,0
355,PED-HIST-000241,2026-09-13 03:13:40+00:00,2.83,12,5,2,22,5,0,1,5,17,20,0
356,PED-HIST-000242,2026-09-13 03:13:45+00:00,0.83,5,10,6,22,5,0,1,6,15,26,1
357,PED-HIST-000243,2026-09-13 03:14:14+00:00,2.07,8,20,2,22,5,0,1,7,28,24,0
358,PED-HIST-000244,2026-09-13 03:14:47+00:00,3.51,12,18,3,22,5,0,1,8,30,48,1
359,PED-HIST-000245,2026-09-13 03:20:13+00:00,2.42,8,21,7,22,5,0,1,7,29,43,1
360,PED-HIST-000246,2026-09-13 03:26:38+00:00,3.22,10,8,1,22,5,0,1,7,18,28,1
361,PED-HIST-000247,2026-09-13 16:17:36+00:00,1.53,8,5,2,11,6,0,1,0,13,14,0
362,PED-HIST-000248,2026-09-13 16:24:19+00:00,0.6,5,8,2,11,6,0,1,1,13,9,0
363,PED-HIST-000249,2026-09-13 16:28:02+00:00,4.28,16,1,1,11,6,0,1,2,17,15,0
364,PED-HIST-000250,2026-09-13 16:31:15+00:00,2.56,9,20,2,11,6,0,1,3,29,30,0
365,PED-HIST-000251,2026-09-13 16:35:53+00:00,2.65,12,12,3,11,6,0,1,3,24,42,1
366,PED-HIST-000252,2026-09-13 16:39:46+00:00,3.01,12,5,2,11,6,0,1,3,17,16,0
367,PED-HIST-000253,2026-09-13 16:42:30+00:00,1.53,8,18,2,11,6,0,1,4,26,29,0
368,PED-HIST-000254,2026-09-13 16:42:46+00:00,4.04,13,14,6,11,6,0,1,5,27,32,0
369,PED-HIST-000255,2026-09-13 16:44:49+00:00,1.56,9,7,2,11,6,0,1,5,16,20,0
370,PED-HIST-000256,2026-09-13 16:49:36+00:00,0.6,8,12,2,11,6,0,1,6,20,37,1
371,PED-HIST-000257,2026-09-13 17:16:39+00:00,3.76,15,8,3,12,6,1,1,2,23,38,1
372,PED-HIST-000258,2026-09-13 17:41:42+00:00,2.34,11,15,1,12,6,1,1,1,26,29,0
373,PED-HIST-000259,2026-09-13 17:41:51+00:00,2.12,10,18,2,12,6,1,1,2,28,25,0
374,PED-HIST-000260,2026-09-13 17:53:36+00:00,2.86,14,13,5,12,6,1,1,2,27,24,0
375,PED-HIST-000261,2026-09-13 18:18:55+00:00,0.96,9,20,2,13,6,1,1,2,29,30,0
376,PED-HIST-000262,2026-09-13 18:22:26+00:00,1.02,8,10,3,13,6,1,1,3,18,16,0
377,PED-HIST-000263,2026-09-13 19:05:06+00:00,1.21,7,15,2,14,6,1,1,0,22,23,0
378,PED-HIST-000264,2026-09-13 19:09:13+00:00,1.04,5,12,2,14,6,1,1,1,17,33,1
379,PED-HIST-000265,2026-09-13 19:16:05+00:00,4.15,16,8,1,14,6,1,1,2,24,41,1
380,PED-HIST-000266,2026-09-13 19:27:40+00:00,4.86,16,18,3,14,6,1,1,2,34,40,1
381,PED-HIST-000267,2026-09-13 19:38:30+00:00,3.77,15,20,3,14,6,1,1,2,35,53,1
382,PED-HIST-000268,2026-09-13 19:40:29+00:00,1.3,10,1,2,14,6,1,1,2,11,16,0
383,PED-HIST-000269,2026-09-13 20:31:22+00:00,6.14,20,20,3,15,6,0,1,0,40,52,1
384,PED-HIST-000270,2026-09-13 20:34:13+00:00,2.84,10,20,1,15,6,0,1,1,30,34,0
385,PED-HIST-000271,2026-09-13 20:40:22+00:00,1.89,10,18,2,15,6,0,1,2,28,26,0
386,PED-HIST-000272,2026-09-13 20:45:29+00:00,5.38,18,16,2,15,6,0,1,3,34,52,1
387,PED-HIST-000273,2026-09-13 20:58:08+00:00,3.46,14,12,1,15,6,0,1,4,26,44,1
388,PED-HIST-000274,2026-09-13 21:09:57+00:00,2.33,8,12,3,16,6,0,1,3,20,19,0
389,PED-HIST-000275,2026-09-13 21:45:31+00:00,0.91,8,5,2,16,6,0,1,0,13,26,1
390,PED-HIST-000276,2026-09-13 22:09:12+00:00,1.24,10,12,1,17,6,0,1,1,22,25,0
391,PED-HIST-000277,2026-09-13 22:22:34+00:00,3.2,13,15,2,17,6,0,1,1,28,25,0
392,PED-HIST-000278,2026-09-13 22:37:57+00:00,2.3,12,15,3,17,6,0,1,1,27,39,1
393,PED-HIST-000279,2026-09-13 22:40:16+00:00,0.6,5,7,2,17,6,0,1,2,12,15,0
394,PED-HIST-000280,2026-09-13 22:55:12+00:00,8.33,25,18,2,17,6,0,1,3,43,59,1
395,PED-HIST-000281,2026-09-13 23:10:04+00:00,8.5,27,18,2,18,6,0,1,1,45,57,1
396,PED-HIST-000282,2026-09-13 23:15:47+00:00,3.15,14,16,4,18,6,0,1,2,30,35,0
397,PED-HIST-000283,2026-09-13 23:16:05+00:00,1.8,8,5,1,18,6,0,1,3,13,26,1
398,PED-HIST-000284,2026-09-13 23:27:33+00:00,2.43,13,12,2,18,6,0,1,4,25,22,0
399,PED-HIST-000285,2026-09-14 00:02:18+00:00,1.32,7,12,5,19,6,1,1,0,19,21,0
400,PED-HIST-000286,2026-09-14 00:08:06+00:00,2.2,12,16,2,19,6,1,1,1,28,43,1
401,PED-HIST-000287,2026-09-14 00:09:49+00:00,2.31,11,18,2,19,6,1,1,2,29,27,0
402,PED-HIST-000288,2026-09-14 00:11:16+00:00,0.95,10,5,2,19,6,1,1,3,15,33,1
403,PED-HIST-000289,2026-09-14 00:21:49+00:00,1.09,7,12,1,19,6,1,1,4,19,34,1
404,PED-HIST-000290,2026-09-14 00:35:41+00:00,2.56,12,18,3,19,6,1,1,4,30,37,1
405,PED-HIST-000291,2026-09-14 00:41:39+00:00,3.85,12,5,1,19,6,1,1,4,17,33,1
406,PED-HIST-000292,2026-09-14 01:11:16+00:00,2.01,10,20,3,20,6,1,1,1,30,42,1
407,PED-HIST-000293,2026-09-14 01:11:44+00:00,2.46,13,7,2,20,6,1,1,2,20,29,1
408,PED-HIST-000294,2026-09-14 01:11:53+00:00,4.75,14,5,2,20,6,1,1,3,19,18,0
409,PED-HIST-000295,2026-09-14 01:30:09+00:00,4.06,16,5,4,20,6,1,1,1,21,26,0
410,PED-HIST-000296,2026-09-14 01:45:17+00:00,1.1,7,8,3,20,6,1,1,1,15,25,1
411,PED-HIST-000297,2026-09-14 02:02:51+00:00,2.01,8,12,4,21,6,1,1,1,20,29,1
412,PED-HIST-000298,2026-09-14 02:06:00+00:00,1.34,7,8,2,21,6,1,1,2,15,16,0
413,PED-HIST-000299,2026-09-14 02:09:21+00:00,3.47,12,23,5,21,6,1,1,2,35,38,0
414,PED-HIST-000300,2026-09-14 02:50:06+00:00,4.45,13,15,3,21,6,1,1,0,28,26,0
415,PED-HIST-000301,2026-09-14 03:08:22+00:00,0.98,5,1,4,22,6,0,1,1,6,23,1
416,PED-HIST-000302,2026-09-14 03:09:47+00:00,1.5,7,15,4,22,6,0,1,2,22,19,0
417,PED-HIST-000303,2026-09-14 03:11:48+00:00,1.88,11,5,3,22,6,0,1,3,16,13,0
418,PED-HIST-000304,2026-09-14 03:21:07+00:00,5.23,17,25,5,22,6,0,1,3,42,54,1
419,PED-HIST-000305,2026-09-14 03:23:45+00:00,3.26,13,5,1,22,6,0,1,3,18,16,0
420,PED-HIST-000306,2026-09-14 16:05:09+00:00,1.45,8,12,2,11,0,0,0,0,20,19,0
421,PED-HIST-000307,2026-09-14 16:11:21+00:00,2.46,9,20,2,11,0,0,0,1,29,34,0
422,PED-HIST-000308,2026-09-14 16:25:04+00:00,2.26,12,15,4,11,0,0,0,2,27,28,0
423,PED-HIST-000309,2026-09-14 16:38:02+00:00,3.3,12,7,1,11,0,0,0,2,19,19,0
424,PED-HIST-000310,2026-09-14 17:21:10+00:00,5.67,20,20,2,12,0,1,0,0,40,56,1
425,PED-HIST-000311,2026-09-14 17:31:44+00:00,3.84,12,12,2,12,0,1,0,1,24,28,0
426,PED-HIST-000312,2026-09-14 17:57:08+00:00,0.7,7,12,1,12,0,1,0,2,19,22,0
427,PED-HIST-000313,2026-09-14 17:59:56+00:00,2.89,14,5,1,12,0,1,0,3,19,21,0
428,PED-HIST-000314,2026-09-14 18:14:42+00:00,1.61,10,10,2,13,0,1,0,2,20,32,1
429,PED-HIST-000315,2026-09-14 19:27:55+00:00,2.6,13,15,1,14,0,1,0,0,28,33,0
430,PED-HIST-000316,2026-09-14 19:31:11+00:00,0.82,6,15,2,14,0,1,0,1,21,32,1
431,PED-HIST-000317,2026-09-14 19:45:03+00:00,3.18,11,1,1,14,0,1,0,2,12,9,0
432,PED-HIST-000318,2026-09-14 19:50:03+00:00,1.11,7,8,1,14,0,1,0,3,15,20,0
433,PED-HIST-000319,2026-09-14 20:10:30+00:00,2.54,12,1,1,15,0,0,0,0,13,9,0
434,PED-HIST-000320,2026-09-14 20:36:54+00:00,2.35,10,1,1,15,0,0,0,0,11,8,0
435,PED-HIST-000321,2026-09-14 20:45:57+00:00,3.92,12,8,4,15,0,0,0,1,20,25,0
436,PED-HIST-000322,2026-09-14 20:51:54+00:00,0.79,9,20,1,15,0,0,0,1,29,31,0
437,PED-HIST-000323,2026-09-14 21:17:08+00:00,3.26,13,15,3,16,0,0,0,1,28,26,0
438,PED-HIST-000324,2026-09-14 21:54:49+00:00,1.53,9,8,3,16,0,0,0,0,17,25,1
439,PED-HIST-000325,2026-09-14 22:42:19+00:00,2.86,10,12,3,17,0,0,0,0,22,21,0
440,PED-HIST-000326,2026-09-14 22:49:59+00:00,1.35,6,15,3,17,0,0,0,1,21,34,1
441,PED-HIST-000327,2026-09-14 22:55:54+00:00,8.5,27,15,2,17,0,0,0,2,42,43,0
442,PED-HIST-000328,2026-09-14 23:22:33+00:00,2.65,12,18,5,18,0,0,0,1,30,33,0
443,PED-HIST-000329,2026-09-14 23:39:08+00:00,2.09,10,18,2,18,0,0,0,2,28,37,1
444,PED-HIST-000330,2026-09-14 23:43:24+00:00,3.22,13,18,6,18,0,0,0,3,31,42,1
445,PED-HIST-000331,2026-09-14 23:44:11+00:00,3.61,11,6,2,18,0,0,0,4,17,35,1
446,PED-HIST-000332,2026-09-15 00:03:46+00:00,5.12,18,5,2,19,0,1,0,1,23,32,1
447,PED-HIST-000333,2026-09-15 00:19:42+00:00,0.6,8,15,1,19,0,1,0,1,23,28,0
448,PED-HIST-000334,2026-09-15 00:20:17+00:00,1.18,9,5,3,19,0,1,0,2,14,17,0
449,PED-HIST-000335,2026-09-15 00:28:18+00:00,4.0,17,20,3,19,0,1,0,3,37,53,1
450,PED-HIST-000336,2026-09-15 00:33:36+00:00,4.31,17,18,2,19,0,1,0,3,35,50,1
451,PED-HIST-000337,2026-09-15 00:36:11+00:00,1.34,7,12,4,19,0,1,0,4,19,19,0
452,PED-HIST-000338,2026-09-15 00:54:50+00:00,4.22,15,12,3,19,0,1,0,3,27,40,1
453,PED-HIST-000339,2026-09-15 00:57:18+00:00,4.38,15,18,3,19,0,1,0,3,33,50,1
454,PED-HIST-000340,2026-09-15 01:08:57+00:00,3.81,15,12,3,20,0,1,0,2,27,43,1
455,PED-HIST-000341,2026-09-15 01:11:03+00:00,2.38,12,16,2,20,0,1,0,3,28,31,0
456,PED-HIST-000342,2026-09-15 01:38:33+00:00,3.96,14,1,1,20,0,1,0,1,15,23,1
457,PED-HIST-000343,2026-09-15 01:41:02+00:00,1.83,9,10,6,20,0,1,0,2,19,30,1
458,PED-HIST-000344,2026-09-15 02:24:39+00:00,2.22,13,8,1,21,0,1,0,0,21,27,1
459,PED-HIST-000345,2026-09-15 02:33:30+00:00,2.33,12,12,1,21,0,1,0,1,24,39,1
460,PED-HIST-000346,2026-09-15 03:09:22+00:00,0.8,8,18,3,22,0,0,0,0,26,38,1
461,PED-HIST-000347,2026-09-15 03:29:31+00:00,0.62,6,5,3,22,0,0,0,1,11,10,0
462,PED-HIST-000348,2026-09-15 16:04:19+00:00,3.17,15,1,1,11,1,0,0,0,16,12,0
463,PED-HIST-000349,2026-09-15 16:24:44+00:00,2.48,11,18,1,11,1,0,0,0,29,30,0
464,PED-HIST-000350,2026-09-15 16:37:16+00:00,1.2,10,16,5,11,1,0,0,1,26,29,0
465,PED-HIST-000351,2026-09-15 16:49:12+00:00,2.16,12,10,4,11,1,0,0,2,22,24,0
466,PED-HIST-000352,2026-09-15 17:07:31+00:00,2.78,13,23,6,12,1,1,0,1,36,46,1
467,PED-HIST-000353,2026-09-15 17:08:28+00:00,1.8,10,20,2,12,1,1,0,2,30,44,1
468,PED-HIST-000354,2026-09-15 17:13:49+00:00,0.6,5,5,2,12,1,1,0,2,10,14,0
469,PED-HIST-000355,2026-09-15 17:25:10+00:00,4.82,17,15,2,12,1,1,0,2,32,47,1
470,PED-HIST-000356,2026-09-15 17:37:00+00:00,1.16,6,15,3,12,1,1,0,2,21,22,0
471,PED-HIST-000357,2026-09-15 17:37:41+00:00,5.15,17,7,2,12,1,1,0,3,24,41,1
472,PED-HIST-000358,2026-09-15 18:01:42+00:00,3.23,12,20,6,13,1,1,0,2,32,40,1
473,PED-HIST-000359,2026-09-15 18:59:08+00:00,1.94,10,7,3,13,1,1,0,0,17,20,0
474,PED-HIST-000360,2026-09-15 19:37:17+00:00,3.5,15,18,4,14,1,1,0,0,33,49,1
475,PED-HIST-000361,2026-09-15 19:52:09+00:00,1.44,7,20,3,14,1,1,0,1,27,29,0
476,PED-HIST-000362,2026-09-15 20:31:52+00:00,7.25,24,12,2,15,1,0,0,0,36,39,0
477,PED-HIST-000363,2026-09-15 22:38:19+00:00,1.29,9,8,1,17,1,0,0,0,17,16,0
478,PED-HIST-000364,2026-09-15 23:13:32+00:00,1.9,9,8,1,18,1,0,0,0,17,14,0
479,PED-HIST-000365,2026-09-15 23:14:51+00:00,3.06,13,7,2,18,1,0,0,1,20,18,0
480,PED-HIST-000366,2026-09-15 23:47:33+00:00,4.12,16,8,4,18,1,0,0,0,24,28,0
481,PED-HIST-000367,2026-09-15 23:58:42+00:00,1.0,5,15,3,18,1,0,0,1,20,24,0
482,PED-HIST-000368,2026-09-16 00:12:17+00:00,7.38,22,1,2,19,1,1,0,1,23,21,0
483,PED-HIST-000369,2026-09-16 00:13:37+00:00,0.6,9,5,2,19,1,1,0,2,14,16,0
484,PED-HIST-000370,2026-09-16 00:45:21+00:00,2.03,9,11,5,19,1,1,0,0,20,35,1
485,PED-HIST-000371,2026-09-16 00:53:01+00:00,0.6,5,5,2,19,1,1,0,1,10,14,0
486,PED-HIST-000372,2026-09-16 00:54:05+00:00,4.2,15,6,2,19,1,1,0,2,21,37,1
487,PED-HIST-000373,2026-09-16 01:10:47+00:00,4.2,12,1,1,20,1,1,0,2,13,31,1
488,PED-HIST-000374,2026-09-16 01:16:20+00:00,3.27,12,8,3,20,1,1,0,1,20,21,0
489,PED-HIST-000375,2026-09-16 01:31:49+00:00,2.27,12,23,5,20,1,1,0,1,35,49,1
490,PED-HIST-000376,2026-09-16 01:35:33+00:00,2.86,11,1,1,20,1,1,0,2,12,14,0
491,PED-HIST-000377,2026-09-16 01:39:01+00:00,2.01,11,10,1,20,1,1,0,3,21,28,1
492,PED-HIST-000378,2026-09-16 01:49:06+00:00,5.4,18,5,1,20,1,1,0,3,23,31,1
493,PED-HIST-000379,2026-09-16 02:06:59+00:00,1.19,10,16,1,21,1,1,0,2,26,38,1
494,PED-HIST-000380,2026-09-16 02:11:28+00:00,1.87,11,18,4,21,1,1,0,2,29,42,1
495,PED-HIST-000381,2026-09-16 02:15:20+00:00,2.03,11,20,3,21,1,1,0,3,31,46,1
496,PED-HIST-000382,2026-09-16 02:20:39+00:00,5.11,17,13,5,21,1,1,0,4,30,36,1
497,PED-HIST-000383,2026-09-16 02:22:00+00:00,7.29,21,15,1,21,1,1,0,5,36,47,1
498,PED-HIST-000384,2026-09-16 02:49:19+00:00,7.41,21,7,2,21,1,1,0,2,28,36,1
499,PED-HIST-000385,2026-09-16 03:02:00+00:00,3.56,12,15,3,22,1,0,0,1,27,39,1
500,PED-HIST-000386,2026-09-16 03:10:32+00:00,8.38,24,8,2,22,1,0,0,2,32,40,1
501,PED-HIST-000387,2026-09-16 03:14:17+00:00,4.91,18,8,2,22,1,0,0,3,26,24,0
502,PED-HIST-000388,2026-09-16 03:21:52+00:00,5.14,17,16,3,22,1,0,0,4,33,44,1
503,PED-HIST-000389,2026-09-16 03:27:23+00:00,4.17,15,8,3,22,1,0,0,4,23,32,1
504,PED-HIST-000390,2026-09-16 16:02:30+00:00,0.98,7,1,1,11,2,0,0,0,8,10,0
505,PED-HIST-000391,2026-09-16 16:14:23+00:00,1.93,11,10,1,11,2,0,0,1,21,24,0
506,PED-HIST-000392,2026-09-16 16:18:59+00:00,2.2,9,15,4,11,2,0,0,1,24,34,1
507,PED-HIST-000393,2026-09-16 16:26:44+00:00,2.3,9,17,8,11,2,0,0,2,26,22,0
508,PED-HIST-000394,2026-09-16 16:50:50+00:00,1.94,11,10,1,11,2,0,0,1,21,23,0
509,PED-HIST-000395,2026-09-16 17:50:44+00:00,8.5,26,18,2,12,2,1,0,0,44,57,1
510,PED-HIST-000396,2026-09-16 18:11:54+00:00,1.86,11,1,1,13,2,1,0,1,12,10,0
511,PED-HIST-000397,2026-09-16 18:16:59+00:00,3.18,14,5,1,13,2,1,0,2,19,17,0
512,PED-HIST-000398,2026-09-16 18:31:33+00:00,3.83,14,10,2,13,2,1,0,2,24,21,0
513,PED-HIST-000399,2026-09-16 18:45:17+00:00,2.81,12,7,2,13,2,1,0,1,19,22,0
514,PED-HIST-000400,2026-09-16 18:56:04+00:00,4.25,17,17,6,13,2,1,0,1,34,48,1
515,PED-HIST-000401,2026-09-16 19:16:43+00:00,0.66,6,12,2,14,2,1,0,1,18,30,1
516,PED-HIST-000402,2026-09-16 19:55:39+00:00,3.44,13,1,2,14,2,1,0,0,14,13,0
517,PED-HIST-000403,2026-09-16 19:58:58+00:00,0.8,5,8,1,14,2,1,0,1,13,15,0
518,PED-HIST-000404,2026-09-16 20:46:06+00:00,7.03,21,15,2,15,2,0,0,0,36,43,1
519,PED-HIST-000405,2026-09-16 21:11:51+00:00,3.76,14,12,1,16,2,0,0,1,26,22,0
520,PED-HIST-000406,2026-09-16 21:14:17+00:00,1.57,11,8,2,16,2,0,0,2,19,28,1
521,PED-HIST-000407,2026-09-16 21:29:30+00:00,1.01,9,20,2,16,2,0,0,2,29,29,0
522,PED-HIST-000408,2026-09-16 23:13:59+00:00,4.51,14,16,2,18,2,0,0,0,30,32,0
523,PED-HIST-000409,2026-09-16 23:31:29+00:00,4.48,14,5,2,18,2,0,0,1,19,24,0
524,PED-HIST-000410,2026-09-16 23:48:59+00:00,1.82,12,1,1,18,2,0,0,0,13,18,0
525,PED-HIST-000411,2026-09-16 23:50:02+00:00,1.35,9,15,1,18,2,0,0,1,24,21,0
526,PED-HIST-000412,2026-09-17 00:06:05+00:00,2.63,12,20,2,19,2,1,0,1,32,50,1
527,PED-HIST-000413,2026-09-17 00:13:12+00:00,1.93,11,21,5,19,2,1,0,2,32,38,1
528,PED-HIST-000414,2026-09-17 00:19:30+00:00,1.29,8,15,1,19,2,1,0,2,23,24,0
529,PED-HIST-000415,2026-09-17 00:22:38+00:00,5.62,18,15,2,19,2,1,0,3,33,47,1
530,PED-HIST-000416,2026-09-17 00:40:14+00:00,3.44,14,8,2,19,2,1,0,3,22,23,0
531,PED-HIST-000417,2026-09-17 00:53:56+00:00,2.7,10,15,3,19,2,1,0,3,25,29,0
532,PED-HIST-000418,2026-09-17 01:00:36+00:00,8.5,26,10,3,20,2,1,0,2,36,51,1
533,PED-HIST-000419,2026-09-17 01:07:53+00:00,1.19,10,10,1,20,2,1,0,3,20,22,0
534,PED-HIST-000420,2026-09-17 01:30:07+00:00,5.81,20,10,2,20,2,1,0,2,30,46,1
535,PED-HIST-000421,2026-09-17 01:49:51+00:00,6.11,22,6,1,20,2,1,0,1,28,38,1
536,PED-HIST-000422,2026-09-17 02:01:20+00:00,2.75,13,12,3,21,2,1,0,2,25,22,0
537,PED-HIST-000423,2026-09-17 02:33:31+00:00,8.5,27,20,5,21,2,1,0,0,47,60,1
538,PED-HIST-000424,2026-09-17 02:45:10+00:00,4.2,14,12,3,21,2,1,0,1,26,24,0
539,PED-HIST-000425,2026-09-17 02:50:49+00:00,0.6,7,8,2,21,2,1,0,2,15,11,0
540,PED-HIST-000426,2026-09-17 02:59:50+00:00,0.91,5,8,1,21,2,1,0,3,13,18,0
541,PED-HIST-000427,2026-09-17 03:04:12+00:00,3.35,13,17,5,22,2,0,0,3,30,32,0
542,PED-HIST-000428,2026-09-17 03:07:45+00:00,5.42,20,21,5,22,2,0,0,4,41,51,1
543,PED-HIST-000429,2026-09-17 03:21:34+00:00,0.84,5,12,5,22,2,0,0,2,17,35,1
544,PED-HIST-000430,2026-09-17 03:24:55+00:00,0.71,7,12,3,22,2,0,0,3,19,33,1
545,PED-HIST-000431,2026-09-17 03:27:09+00:00,2.04,10,7,1,22,2,0,0,4,17,15,0
546,PED-HIST-000432,2026-09-17 16:07:40+00:00,1.75,9,12,1,11,3,0,0,0,21,17,0
547,PED-HIST-000433,2026-09-17 16:13:09+00:00,3.59,12,5,2,11,3,0,0,1,17,28,1
548,PED-HIST-000434,2026-09-17 16:28:31+00:00,3.45,13,11,6,11,3,0,0,2,24,22,0
549,PED-HIST-000435,2026-09-17 16:46:21+00:00,1.72,10,20,3,11,3,0,0,1,30,28,0
550,PED-HIST-000436,2026-09-17 16:54:17+00:00,2.68,13,20,2,11,3,0,0,2,33,37,0
551,PED-HIST-000437,2026-09-17 16:55:11+00:00,5.26,17,1,1,11,3,0,0,3,18,17,0
552,PED-HIST-000438,2026-09-17 17:33:29+00:00,1.1,9,24,5,12,3,1,0,0,33,40,1
553,PED-HIST-000439,2026-09-17 17:51:00+00:00,1.7,8,17,8,12,3,1,0,1,25,33,1
554,PED-HIST-000440,2026-09-17 18:08:05+00:00,0.6,6,12,4,13,3,1,0,2,18,33,1
564,PED-HIST-000441,2026-09-17 18:08:31+00:00,6.53,19,8,3,13,3,1,0,3,27,34,1
565,PED-HIST-000442,2026-09-17 18:26:46+00:00,1.06,6,5,2,13,3,1,0,2,11,11,0
566,PED-HIST-000443,2026-09-17 18:32:18+00:00,1.92,7,20,4,13,3,1,0,3,27,36,1
567,PED-HIST-000444,2026-09-17 19:01:36+00:00,3.38,13,12,3,14,3,1,0,1,25,28,0
568,PED-HIST-000445,2026-09-17 19:10:26+00:00,3.12,11,15,1,14,3,1,0,1,26,27,0
569,PED-HIST-000446,2026-09-17 19:11:43+00:00,4.04,15,15,1,14,3,1,0,2,30,34,0
570,PED-HIST-000447,2026-09-17 19:40:34+00:00,7.41,24,8,2,14,3,1,0,1,32,35,0
571,PED-HIST-000448,2026-09-17 19:41:01+00:00,1.88,10,15,3,14,3,1,0,2,25,41,1
572,PED-HIST-000449,2026-09-17 20:42:34+00:00,4.99,18,20,5,15,3,0,0,0,38,44,1
573,PED-HIST-000450,2026-09-17 21:28:25+00:00,1.81,9,18,4,16,3,0,0,0,27,23,0
574,PED-HIST-000451,2026-09-17 23:06:20+00:00,1.04,8,8,1,18,3,0,0,0,16,34,1
575,PED-HIST-000452,2026-09-17 23:11:11+00:00,4.61,16,18,3,18,3,0,0,1,34,35,0
576,PED-HIST-000453,2026-09-17 23:25:17+00:00,2.0,9,18,1,18,3,0,0,2,27,35,1
577,PED-HIST-000454,2026-09-17 23:26:58+00:00,3.92,16,5,1,18,3,0,0,3,21,24,0
578,PED-HIST-000455,2026-09-17 23:27:20+00:00,4.81,18,15,3,18,3,0,0,4,33,30,0
579,PED-HIST-000456,2026-09-17 23:47:20+00:00,1.91,12,12,1,18,3,0,0,2,24,26,0
580,PED-HIST-000457,2026-09-17 23:47:57+00:00,4.37,14,1,1,18,3,0,0,3,15,17,0
581,PED-HIST-000458,2026-09-17 23:48:42+00:00,3.8,14,8,3,18,3,0,0,4,22,19,0
582,PED-HIST-000459,2026-09-17 23:49:34+00:00,5.75,18,8,1,18,3,0,0,4,26,22,0
583,PED-HIST-000460,2026-09-18 00:06:04+00:00,6.35,21,5,1,19,3,1,0,4,26,38,1
584,PED-HIST-000461,2026-09-18 00:58:31+00:00,5.07,16,1,1,19,3,1,0,0,17,22,0
585,PED-HIST-000462,2026-09-18 01:29:04+00:00,2.32,11,16,3,20,3,1,0,0,27,29,0
586,PED-HIST-000463,2026-09-18 01:40:21+00:00,3.4,13,12,3,20,3,1,0,1,25,27,0
587,PED-HIST-000464,2026-09-18 02:04:04+00:00,0.6,5,1,1,21,3,1,0,1,6,8,0
588,PED-HIST-000465,2026-09-18 02:05:29+00:00,5.23,19,8,1,21,3,1,0,2,27,37,1
589,PED-HIST-000466,2026-09-18 02:05:59+00:00,2.55,11,6,1,21,3,1,0,3,17,27,1
590,PED-HIST-000467,2026-09-18 02:30:16+00:00,3.88,15,15,2,21,3,1,0,1,30,29,0
591,PED-HIST-000468,2026-09-18 03:04:05+00:00,0.63,5,5,1,22,3,0,0,0,10,10,0
592,PED-HIST-000469,2026-09-18 03:20:10+00:00,2.92,14,18,1,22,3,0,0,0,32,35,0
593,PED-HIST-000470,2026-09-18 03:21:04+00:00,5.74,19,23,7,22,3,0,0,1,42,52,1
594,PED-HIST-000471,2026-09-18 03:21:13+00:00,1.88,11,12,1,22,3,0,0,2,23,26,0
595,PED-HIST-000472,2026-09-18 03:22:01+00:00,7.74,24,8,4,22,3,0,0,3,32,34,0
596,PED-HIST-000473,2026-09-18 03:28:00+00:00,4.21,15,18,5,22,3,0,0,4,33,50,1
597,PED-HIST-000474,2026-09-18 16:16:55+00:00,8.41,24,15,3,11,4,0,1,0,39,47,1
598,PED-HIST-000475,2026-09-18 16:17:40+00:00,3.17,12,20,7,11,4,0,1,1,32,39,1
599,PED-HIST-000476,2026-09-18 16:29:30+00:00,2.64,12,15,1,11,4,0,1,2,27,45,1
600,PED-HIST-000477,2026-09-18 16:32:17+00:00,1.35,10,16,2,11,4,0,1,3,26,34,1
601,PED-HIST-000478,2026-09-18 16:38:43+00:00,2.84,12,15,4,11,4,0,1,4,27,39,1
602,PED-HIST-000479,2026-09-18 16:58:42+00:00,7.06,23,5,1,11,4,0,1,2,28,34,1
603,PED-HIST-000480,2026-09-18 17:00:36+00:00,1.6,10,24,5,12,4,1,1,3,34,49,1
604,PED-HIST-000481,2026-09-18 17:05:54+00:00,5.6,19,8,4,12,4,1,1,4,27,39,1
605,PED-HIST-000482,2026-09-18 17:21:55+00:00,3.75,15,18,3,12,4,1,1,3,33,47,1
606,PED-HIST-000483,2026-09-18 17:32:20+00:00,2.33,9,16,3,12,4,1,1,4,25,22,0
607,PED-HIST-000484,2026-09-18 17:35:36+00:00,3.16,12,8,1,12,4,1,1,2,20,23,0
608,PED-HIST-000485,2026-09-18 17:42:55+00:00,0.6,8,15,1,12,4,1,1,3,23,34,1
609,PED-HIST-000486,2026-09-18 18:00:55+00:00,2.43,10,16,3,13,4,1,1,3,26,43,1
610,PED-HIST-000487,2026-09-18 18:12:05+00:00,2.69,13,15,1,13,4,1,1,3,28,46,1
611,PED-HIST-000488,2026-09-18 18:17:59+00:00,5.47,16,12,2,13,4,1,1,3,28,29,0
612,PED-HIST-000489,2026-09-18 18:26:03+00:00,4.46,16,10,2,13,4,1,1,3,26,30,0
613,PED-HIST-000490,2026-09-18 18:45:24+00:00,5.56,19,12,2,13,4,1,1,3,31,44,1
614,PED-HIST-000491,2026-09-18 18:49:26+00:00,2.96,11,15,4,13,4,1,1,3,26,23,0
615,PED-HIST-000492,2026-09-18 19:20:27+00:00,1.11,6,16,3,14,4,1,1,0,22,33,1
616,PED-HIST-000493,2026-09-18 19:28:45+00:00,2.12,12,16,1,14,4,1,1,1,28,31,0
617,PED-HIST-000494,2026-09-18 19:59:17+00:00,2.84,14,15,1,14,4,1,1,0,29,40,1
618,PED-HIST-000495,2026-09-18 20:01:52+00:00,5.34,19,19,5,15,4,0,1,1,38,45,1
619,PED-HIST-000496,2026-09-18 20:24:09+00:00,4.94,16,5,2,15,4,0,1,2,21,35,1
620,PED-HIST-000497,2026-09-18 20:27:36+00:00,3.11,11,1,1,15,4,0,1,3,12,11,0
621,PED-HIST-000498,2026-09-18 21:46:22+00:00,3.89,16,10,2,16,4,0,1,0,26,40,1
622,PED-HIST-000499,2026-09-18 22:09:40+00:00,1.54,8,5,1,17,4,0,1,1,13,11,0
623,PED-HIST-000500,2026-09-18 22:18:57+00:00,8.5,27,18,1,17,4,0,1,1,45,55,1
624,PED-HIST-000501,2026-09-18 22:50:35+00:00,3.42,13,8,4,17,4,0,1,1,21,21,0
625,PED-HIST-000502,2026-09-18 23:11:26+00:00,1.63,11,16,3,18,4,0,1,0,27,25,0
626,PED-HIST-000503,2026-09-18 23:25:35+00:00,3.93,14,6,3,18,4,0,1,1,20,36,1
627,PED-HIST-000504,2026-09-18 23:30:17+00:00,1.49,6,15,5,18,4,0,1,2,21,18,0
628,PED-HIST-000505,2026-09-18 23:38:22+00:00,0.88,9,1,2,18,4,0,1,3,10,15,0
629,PED-HIST-000506,2026-09-18 23:40:46+00:00,1.86,8,10,4,18,4,0,1,4,18,14,0
630,PED-HIST-000507,2026-09-18 23:49:36+00:00,8.5,27,6,3,18,4,0,1,5,33,44,1
631,PED-HIST-000508,2026-09-19 00:02:43+00:00,2.05,10,21,5,19,4,1,1,2,31,29,0
632,PED-HIST-000509,2026-09-19 00:16:03+00:00,8.5,26,15,2,19,4,1,1,2,41,49,1
633,PED-HIST-000510,2026-09-19 00:25:00+00:00,8.5,25,8,1,19,4,1,1,2,33,39,1
634,PED-HIST-000511,2026-09-19 00:32:16+00:00,3.6,15,18,4,19,4,1,1,3,33,39,1
635,PED-HIST-000512,2026-09-19 00:46:54+00:00,1.46,8,15,2,19,4,1,1,3,23,23,0
636,PED-HIST-000513,2026-09-19 00:47:04+00:00,1.7,7,16,4,19,4,1,1,4,23,29,1
637,PED-HIST-000514,2026-09-19 01:17:20+00:00,1.52,10,1,2,20,4,1,1,1,11,23,1
638,PED-HIST-000515,2026-09-19 01:29:11+00:00,1.75,8,10,3,20,4,1,1,1,18,14,0
639,PED-HIST-000516,2026-09-19 01:36:18+00:00,5.61,19,15,4,20,4,1,1,1,34,32,0
640,PED-HIST-000517,2026-09-19 02:21:42+00:00,5.7,19,12,1,21,4,1,1,0,31,33,0
641,PED-HIST-000518,2026-09-19 02:23:33+00:00,8.5,27,11,5,21,4,1,1,1,38,45,1
642,PED-HIST-000519,2026-09-19 02:38:11+00:00,0.6,7,1,1,21,4,1,1,2,8,10,0
643,PED-HIST-000520,2026-09-19 03:03:25+00:00,3.24,15,16,1,22,4,0,1,1,31,49,1
644,PED-HIST-000521,2026-09-19 03:08:24+00:00,6.46,21,12,2,22,4,0,1,2,33,46,1
645,PED-HIST-000522,2026-09-19 03:15:45+00:00,3.63,15,5,1,22,4,0,1,2,20,36,1
646,PED-HIST-000523,2026-09-19 03:17:02+00:00,2.17,10,12,3,22,4,0,1,3,22,25,0
647,PED-HIST-000524,2026-09-19 03:20:37+00:00,0.6,7,20,2,22,4,0,1,4,27,38,1
648,PED-HIST-000525,2026-09-19 03:21:19+00:00,1.4,7,6,1,22,4,0,1,5,13,13,0
649,PED-HIST-000526,2026-09-19 03:27:34+00:00,2.98,11,15,5,22,4,0,1,6,26,37,1
650,PED-HIST-000527,2026-09-19 16:05:54+00:00,5.35,20,7,2,11,5,0,1,0,27,31,0
651,PED-HIST-000528,2026-09-19 16:14:32+00:00,4.37,15,1,1,11,5,0,1,1,16,15,0
652,PED-HIST-000529,2026-09-19 16:18:21+00:00,0.95,9,12,3,11,5,0,1,2,21,34,1
653,PED-HIST-000530,2026-09-19 16:29:23+00:00,6.42,22,8,2,11,5,0,1,3,30,38,1
654,PED-HIST-000531,2026-09-19 16:41:16+00:00,3.23,13,12,2,11,5,0,1,2,25,31,1
655,PED-HIST-000532,2026-09-19 16:46:03+00:00,8.5,24,8,3,11,5,0,1,2,32,47,1
656,PED-HIST-000533,2026-09-19 16:49:43+00:00,5.52,17,8,4,11,5,0,1,3,25,28,0
657,PED-HIST-000534,2026-09-19 17:23:41+00:00,7.3,22,10,3,12,5,1,1,1,32,49,1
658,PED-HIST-000535,2026-09-19 17:55:00+00:00,2.57,12,22,5,12,5,1,1,1,34,47,1
659,PED-HIST-000536,2026-09-19 17:55:40+00:00,1.02,6,20,3,12,5,1,1,2,26,33,1
660,PED-HIST-000537,2026-09-19 17:56:45+00:00,2.26,11,12,1,12,5,1,1,2,23,38,1
661,PED-HIST-000538,2026-09-19 18:07:39+00:00,1.28,6,19,6,13,5,1,1,3,25,42,1
662,PED-HIST-000539,2026-09-19 19:12:11+00:00,2.53,9,15,1,14,5,1,1,0,24,40,1
663,PED-HIST-000540,2026-09-19 19:23:36+00:00,3.96,13,18,3,14,5,1,1,1,31,32,0
671,PED-HIST-000541,2026-09-19 19:31:13+00:00,0.79,7,18,4,14,5,1,1,1,25,32,1
672,PED-HIST-000542,2026-09-19 19:32:06+00:00,3.68,13,5,2,14,5,1,1,2,18,15,0
673,PED-HIST-000543,2026-09-19 19:33:15+00:00,2.93,12,6,1,14,5,1,1,3,18,19,0
674,PED-HIST-000544,2026-09-19 19:39:45+00:00,2.17,9,18,2,14,5,1,1,4,27,33,1
675,PED-HIST-000545,2026-09-19 19:40:44+00:00,2.58,10,5,3,14,5,1,1,5,15,14,0
676,PED-HIST-000546,2026-09-19 19:43:17+00:00,4.76,16,12,3,14,5,1,1,6,28,24,0
677,PED-HIST-000547,2026-09-19 19:47:32+00:00,4.05,12,10,1,14,5,1,1,6,22,43,1
678,PED-HIST-000548,2026-09-19 19:49:46+00:00,0.6,8,8,2,14,5,1,1,6,16,13,0
679,PED-HIST-000549,2026-09-19 20:02:32+00:00,1.43,11,8,3,15,5,0,1,4,19,23,0
680,PED-HIST-000550,2026-09-19 20:20:56+00:00,0.95,8,8,3,15,5,0,1,2,16,13,0
681,PED-HIST-000551,2026-09-19 20:58:53+00:00,2.08,9,12,3,15,5,0,1,0,21,31,1
682,PED-HIST-000552,2026-09-19 21:13:39+00:00,5.19,19,20,2,16,5,0,1,1,39,55,1
683,PED-HIST-000553,2026-09-19 21:26:26+00:00,2.13,8,15,2,16,5,0,1,2,23,40,1
684,PED-HIST-000554,2026-09-19 21:35:23+00:00,0.6,9,6,2,16,5,0,1,2,15,28,1
685,PED-HIST-000555,2026-09-19 22:08:58+00:00,6.03,18,10,2,17,5,0,1,0,28,26,0
686,PED-HIST-000556,2026-09-19 22:53:12+00:00,4.01,14,7,2,17,5,0,1,0,21,30,1
687,PED-HIST-000557,2026-09-19 23:01:35+00:00,3.6,13,15,4,18,5,0,1,1,28,43,1
688,PED-HIST-000558,2026-09-19 23:03:16+00:00,0.6,5,12,4,18,5,0,1,2,17,33,1
689,PED-HIST-000559,2026-09-19 23:07:45+00:00,1.87,12,20,4,18,5,0,1,3,32,43,1
690,PED-HIST-000560,2026-09-19 23:26:55+00:00,3.02,12,15,4,18,5,0,1,2,27,37,1
691,PED-HIST-000561,2026-09-19 23:31:22+00:00,1.96,9,18,5,18,5,0,1,3,27,38,1
692,PED-HIST-000562,2026-09-19 23:35:15+00:00,3.87,13,12,2,18,5,0,1,4,25,28,0
693,PED-HIST-000563,2026-09-19 23:46:13+00:00,1.87,10,16,2,18,5,0,1,4,26,41,1
694,PED-HIST-000564,2026-09-19 23:49:15+00:00,0.6,5,8,4,18,5,0,1,5,13,21,1
695,PED-HIST-000565,2026-09-19 23:50:46+00:00,2.13,10,15,4,18,5,0,1,6,25,27,0
696,PED-HIST-000566,2026-09-19 23:51:41+00:00,8.3,24,1,2,18,5,0,1,7,25,46,1
697,PED-HIST-000567,2026-09-20 00:10:07+00:00,0.6,6,6,2,19,5,1,1,3,12,11,0
698,PED-HIST-000568,2026-09-20 00:18:47+00:00,3.32,12,1,1,19,5,1,1,0,13,18,0
699,PED-HIST-000569,2026-09-20 00:27:08+00:00,2.15,8,1,1,19,5,1,1,1,9,19,1
700,PED-HIST-000570,2026-09-20 00:28:13+00:00,2.96,11,5,1,19,5,1,1,2,16,19,0
701,PED-HIST-000571,2026-09-20 00:48:30+00:00,4.92,14,18,3,19,5,1,1,0,32,47,1
702,PED-HIST-000572,2026-09-20 00:54:06+00:00,0.6,6,15,1,19,5,1,1,1,21,36,1
703,PED-HIST-000573,2026-09-20 00:59:57+00:00,2.99,14,18,1,19,5,1,1,2,32,44,1
704,PED-HIST-000574,2026-09-20 01:14:39+00:00,4.21,16,8,2,20,5,1,1,3,24,42,1
705,PED-HIST-000575,2026-09-20 01:18:13+00:00,5.27,16,8,4,20,5,1,1,4,24,41,1
706,PED-HIST-000576,2026-09-20 01:18:52+00:00,2.7,11,5,1,20,5,1,1,5,16,13,0
707,PED-HIST-000577,2026-09-20 01:35:51+00:00,2.55,13,20,1,20,5,1,1,4,33,44,1
708,PED-HIST-000578,2026-09-20 02:01:46+00:00,2.56,12,12,1,21,5,1,1,1,24,22,0
709,PED-HIST-000579,2026-09-20 02:07:20+00:00,2.96,14,20,5,21,5,1,1,2,34,46,1
710,PED-HIST-000580,2026-09-20 02:08:08+00:00,0.96,7,7,3,21,5,1,1,3,14,19,0
711,PED-HIST-000581,2026-09-20 02:22:54+00:00,5.98,19,10,1,21,5,1,1,3,29,34,0
712,PED-HIST-000582,2026-09-20 02:25:01+00:00,0.94,8,6,3,21,5,1,1,3,14,12,0
713,PED-HIST-000583,2026-09-20 02:45:06+00:00,3.64,14,8,2,21,5,1,1,1,22,33,1
714,PED-HIST-000584,2026-09-20 02:47:51+00:00,4.27,16,8,1,21,5,1,1,2,24,39,1
715,PED-HIST-000585,2026-09-20 02:57:31+00:00,0.6,7,20,2,21,5,1,1,2,27,26,0
716,PED-HIST-000586,2026-09-20 03:08:00+00:00,6.42,18,7,2,22,5,0,1,2,25,30,0
717,PED-HIST-000587,2026-09-20 03:09:20+00:00,3.05,15,18,1,22,5,0,1,3,33,40,1
718,PED-HIST-000588,2026-09-20 03:14:49+00:00,4.54,15,5,2,22,5,0,1,4,20,35,1
719,PED-HIST-000589,2026-09-20 03:18:05+00:00,3.33,11,12,3,22,5,0,1,5,23,23,0
720,PED-HIST-000590,2026-09-20 03:18:36+00:00,1.33,10,15,2,22,5,0,1,6,25,22,0
721,PED-HIST-000591,2026-09-20 03:28:24+00:00,1.1,9,12,4,22,5,0,1,4,21,23,0
722,PED-HIST-000592,2026-09-20 03:29:11+00:00,0.6,5,1,1,22,5,0,1,5,6,8,0
723,PED-HIST-000593,2026-09-20 03:29:56+00:00,2.76,12,12,2,22,5,0,1,6,24,21,0
724,PED-HIST-000594,2026-09-20 16:11:34+00:00,2.15,11,12,4,11,6,0,1,0,23,28,0
725,PED-HIST-000595,2026-09-20 16:22:54+00:00,0.6,8,12,4,11,6,0,1,1,20,24,0
726,PED-HIST-000596,2026-09-20 16:23:41+00:00,3.93,16,20,3,11,6,0,1,2,36,49,1
727,PED-HIST-000597,2026-09-20 16:46:50+00:00,3.41,13,15,3,11,6,0,1,1,28,45,1
728,PED-HIST-000598,2026-09-20 16:58:56+00:00,4.72,14,12,1,11,6,0,1,1,26,31,0
729,PED-HIST-000599,2026-09-20 17:04:08+00:00,4.98,14,5,2,12,6,1,1,2,19,35,1
730,PED-HIST-000600,2026-09-20 17:14:53+00:00,4.65,17,15,4,12,6,1,1,3,32,48,1
731,PED-HIST-000601,2026-09-20 17:28:25+00:00,5.12,15,15,1,12,6,1,1,1,30,41,1
732,PED-HIST-000602,2026-09-20 17:45:34+00:00,2.92,13,8,4,12,6,1,1,2,21,26,0
733,PED-HIST-000603,2026-09-20 17:52:33+00:00,1.38,7,20,7,12,6,1,1,2,27,26,0
734,PED-HIST-000604,2026-09-20 18:09:17+00:00,2.14,11,20,1,13,6,1,1,1,31,47,1
735,PED-HIST-000605,2026-09-20 18:26:22+00:00,1.49,11,8,2,13,6,1,1,2,19,20,0
736,PED-HIST-000606,2026-09-20 18:38:12+00:00,2.84,11,15,4,13,6,1,1,2,26,36,1
737,PED-HIST-000607,2026-09-20 18:55:38+00:00,8.5,26,8,3,13,6,1,1,1,34,46,1
738,PED-HIST-000608,2026-09-20 18:57:04+00:00,4.45,13,16,1,13,6,1,1,2,29,31,0
739,PED-HIST-000609,2026-09-20 18:58:37+00:00,2.82,12,17,7,13,6,1,1,3,29,47,1
740,PED-HIST-000610,2026-09-20 19:17:25+00:00,7.41,24,8,4,14,6,1,1,3,32,43,1
741,PED-HIST-000611,2026-09-20 19:30:48+00:00,2.23,11,8,1,14,6,1,1,3,19,35,1
742,PED-HIST-000612,2026-09-20 19:36:31+00:00,0.89,10,8,1,14,6,1,1,3,18,30,1
743,PED-HIST-000613,2026-09-20 19:51:08+00:00,4.08,16,18,2,14,6,1,1,2,34,51,1
744,PED-HIST-000614,2026-09-20 20:22:48+00:00,1.18,6,1,1,15,6,0,1,1,7,12,0
745,PED-HIST-000615,2026-09-20 20:29:06+00:00,2.49,13,1,2,15,6,0,1,1,14,14,0
746,PED-HIST-000616,2026-09-20 20:32:26+00:00,3.26,12,10,4,15,6,0,1,2,22,21,0
747,PED-HIST-000617,2026-09-20 21:08:44+00:00,2.71,14,5,2,16,6,0,1,0,19,26,1
748,PED-HIST-000618,2026-09-20 21:09:23+00:00,5.42,20,24,6,16,6,0,1,1,44,52,1
749,PED-HIST-000619,2026-09-20 21:23:28+00:00,1.91,9,8,3,16,6,0,1,2,17,32,1
750,PED-HIST-000620,2026-09-20 21:28:57+00:00,7.11,20,1,1,16,6,0,1,3,21,21,0
751,PED-HIST-000621,2026-09-20 21:49:47+00:00,1.26,6,20,4,16,6,0,1,1,26,39,1
752,PED-HIST-000622,2026-09-20 21:52:23+00:00,5.83,18,12,3,16,6,0,1,2,30,42,1
753,PED-HIST-000623,2026-09-20 22:08:25+00:00,2.4,10,1,1,17,6,0,1,2,11,15,0
754,PED-HIST-000624,2026-09-20 22:25:52+00:00,3.2,13,10,1,17,6,0,1,1,23,23,0
755,PED-HIST-000625,2026-09-20 23:40:00+00:00,1.37,8,10,2,18,6,0,1,0,18,17,0
756,PED-HIST-000626,2026-09-20 23:58:03+00:00,2.4,13,1,2,18,6,0,1,0,14,14,0
757,PED-HIST-000627,2026-09-20 23:58:37+00:00,8.5,24,15,4,18,6,0,1,1,39,56,1
758,PED-HIST-000628,2026-09-21 00:07:35+00:00,1.54,10,6,1,19,6,1,1,2,16,17,0
759,PED-HIST-000629,2026-09-21 00:08:54+00:00,2.98,14,5,1,19,6,1,1,3,19,19,0
760,PED-HIST-000630,2026-09-21 00:15:03+00:00,7.14,20,8,3,19,6,1,1,3,28,45,1
761,PED-HIST-000631,2026-09-21 00:23:29+00:00,2.52,13,1,1,19,6,1,1,4,14,22,1
762,PED-HIST-000632,2026-09-21 00:26:20+00:00,5.76,18,1,4,19,6,1,1,5,19,35,1
763,PED-HIST-000633,2026-09-21 00:26:23+00:00,1.65,8,20,1,19,6,1,1,6,28,47,1
764,PED-HIST-000634,2026-09-21 00:31:31+00:00,0.6,6,15,1,19,6,1,1,5,21,19,0
765,PED-HIST-000635,2026-09-21 00:31:52+00:00,1.85,7,12,3,19,6,1,1,6,19,22,0
766,PED-HIST-000636,2026-09-21 00:48:55+00:00,5.57,18,20,2,19,6,1,1,6,38,47,1
767,PED-HIST-000637,2026-09-21 00:59:43+00:00,3.53,11,1,1,19,6,1,1,4,12,20,1
768,PED-HIST-000638,2026-09-21 00:59:52+00:00,2.45,8,12,2,19,6,1,1,5,20,24,0
769,PED-HIST-000639,2026-09-21 01:10:33+00:00,0.6,8,8,2,20,6,1,1,3,16,13,0
770,PED-HIST-000640,2026-09-21 01:10:39+00:00,3.12,13,18,5,20,6,1,1,4,31,31,0
783,PED-HIST-000641,2026-09-21 01:24:58+00:00,4.27,13,13,5,20,6,1,1,4,26,35,1
784,PED-HIST-000642,2026-09-21 01:40:14+00:00,1.0,7,15,2,20,6,1,1,2,22,20,0
785,PED-HIST-000643,2026-09-21 02:12:30+00:00,2.77,10,25,6,21,6,1,1,1,35,50,1
786,PED-HIST-000644,2026-09-21 02:27:55+00:00,2.88,11,16,1,21,6,1,1,1,27,36,1
787,PED-HIST-000645,2026-09-21 02:28:09+00:00,0.6,5,10,3,21,6,1,1,2,15,29,1
788,PED-HIST-000646,2026-09-21 02:38:31+00:00,7.26,21,8,1,21,6,1,1,3,29,40,1
789,PED-HIST-000647,2026-09-21 02:41:29+00:00,3.25,13,12,1,21,6,1,1,3,25,23,0
790,PED-HIST-000648,2026-09-21 03:01:24+00:00,1.04,10,15,2,22,6,0,1,3,25,28,0
791,PED-HIST-000649,2026-09-21 03:08:13+00:00,5.79,20,1,1,22,6,0,1,2,21,21,0
792,PED-HIST-000650,2026-09-21 03:08:39+00:00,5.4,20,8,2,22,6,0,1,2,28,35,1
793,PED-HIST-000651,2026-09-21 03:15:35+00:00,5.4,16,15,1,22,6,0,1,3,31,48,1
794,PED-HIST-000652,2026-09-21 03:17:15+00:00,4.42,17,15,2,22,6,0,1,4,32,49,1
795,PED-HIST-000653,2026-09-21 16:15:42+00:00,6.91,23,1,3,11,0,0,0,0,24,26,0
796,PED-HIST-000654,2026-09-21 16:21:08+00:00,1.99,11,15,2,11,0,0,0,1,26,23,0
797,PED-HIST-000655,2026-09-21 16:33:09+00:00,6.07,19,15,1,11,0,0,0,2,34,52,1
798,PED-HIST-000656,2026-09-21 16:42:40+00:00,0.6,5,15,2,11,0,0,0,2,20,37,1
799,PED-HIST-000657,2026-09-21 17:12:16+00:00,4.88,15,15,4,12,0,1,0,0,30,32,0
800,PED-HIST-000658,2026-09-21 17:38:47+00:00,2.52,11,20,4,12,0,1,0,1,31,35,0
801,PED-HIST-000659,2026-09-21 17:47:56+00:00,3.81,14,15,3,12,0,1,0,1,29,39,1
802,PED-HIST-000660,2026-09-21 17:51:32+00:00,1.82,10,18,1,12,0,1,0,2,28,28,0
803,PED-HIST-000661,2026-09-21 18:08:34+00:00,0.87,6,15,1,13,0,1,0,2,21,19,0
804,PED-HIST-000662,2026-09-21 18:24:05+00:00,0.6,8,16,4,13,0,1,0,2,24,21,0
805,PED-HIST-000663,2026-09-21 18:30:10+00:00,3.87,12,1,1,13,0,1,0,2,13,16,0
806,PED-HIST-000664,2026-09-21 18:57:44+00:00,4.1,13,10,4,13,0,1,0,0,23,26,0
807,PED-HIST-000665,2026-09-21 19:13:00+00:00,5.96,17,18,3,14,0,1,0,1,35,48,1
808,PED-HIST-000666,2026-09-21 19:42:22+00:00,3.26,13,15,4,14,0,1,0,1,28,39,1
809,PED-HIST-000667,2026-09-21 19:43:30+00:00,1.28,10,12,2,14,0,1,0,2,22,26,0
810,PED-HIST-000668,2026-09-21 20:07:06+00:00,0.98,9,22,5,15,0,0,0,0,31,46,1
811,PED-HIST-000669,2026-09-21 20:48:24+00:00,8.5,27,8,1,15,0,0,0,1,35,48,1
812,PED-HIST-000670,2026-09-21 22:07:56+00:00,2.22,10,15,1,17,0,0,0,0,25,28,0
813,PED-HIST-000671,2026-09-21 22:15:07+00:00,1.86,10,10,1,17,0,0,0,1,20,19,0
814,PED-HIST-000672,2026-09-21 22:48:29+00:00,7.84,25,1,1,17,0,0,0,0,26,38,1
815,PED-HIST-000673,2026-09-21 22:52:23+00:00,2.34,11,10,4,17,0,0,0,1,21,21,0
816,PED-HIST-000674,2026-09-21 23:35:22+00:00,1.73,10,16,2,18,0,0,0,0,26,27,0
817,PED-HIST-000675,2026-09-21 23:43:39+00:00,1.28,10,7,1,18,0,0,0,1,17,14,0
818,PED-HIST-000676,2026-09-21 23:55:21+00:00,2.9,9,24,5,18,0,0,0,2,33,36,0
819,PED-HIST-000677,2026-09-22 00:10:53+00:00,8.5,27,6,2,19,0,1,0,1,33,41,1
820,PED-HIST-000678,2026-09-22 00:36:53+00:00,5.3,17,12,1,19,0,1,0,1,29,26,0
821,PED-HIST-000679,2026-09-22 00:42:22+00:00,1.38,11,16,5,19,0,1,0,1,27,24,0
822,PED-HIST-000680,2026-09-22 00:43:10+00:00,5.16,15,16,1,19,0,1,0,2,31,29,0
823,PED-HIST-000681,2026-09-22 00:43:38+00:00,3.4,14,1,1,19,0,1,0,3,15,11,0
824,PED-HIST-000682,2026-09-22 00:52:31+00:00,2.93,11,5,1,19,0,1,0,4,16,30,1
825,PED-HIST-000683,2026-09-22 01:17:50+00:00,3.86,14,8,1,20,0,1,0,2,22,24,0
826,PED-HIST-000684,2026-09-22 01:22:01+00:00,0.88,5,8,2,20,0,1,0,2,13,11,0
827,PED-HIST-000685,2026-09-22 01:24:31+00:00,4.05,13,12,1,20,0,1,0,3,25,42,1
828,PED-HIST-000686,2026-09-22 01:25:47+00:00,1.56,11,8,2,20,0,1,0,4,19,27,1
829,PED-HIST-000687,2026-09-22 01:51:01+00:00,3.54,15,19,5,20,0,1,0,1,34,52,1
830,PED-HIST-000688,2026-09-22 01:53:33+00:00,2.63,10,1,1,20,0,1,0,2,11,8,0
831,PED-HIST-000689,2026-09-22 02:11:36+00:00,1.01,6,6,1,21,0,1,0,1,12,15,0
832,PED-HIST-000690,2026-09-22 02:11:42+00:00,8.5,25,6,1,21,0,1,0,2,31,49,1
833,PED-HIST-000691,2026-09-22 02:18:49+00:00,5.15,16,23,5,21,0,1,0,3,39,54,1
834,PED-HIST-000692,2026-09-22 03:10:46+00:00,4.87,14,1,2,22,0,0,0,1,15,21,1
835,PED-HIST-000693,2026-09-22 03:21:41+00:00,2.77,13,10,2,22,0,0,0,1,23,28,0
836,PED-HIST-000694,2026-09-22 03:26:33+00:00,5.96,17,12,2,22,0,0,0,1,29,45,1
837,PED-HIST-000695,2026-09-22 16:05:15+00:00,2.14,9,6,1,11,1,0,0,0,15,20,0
838,PED-HIST-000696,2026-09-22 16:16:36+00:00,1.31,9,15,2,11,1,0,0,0,24,27,0
839,PED-HIST-000697,2026-09-22 16:27:41+00:00,8.5,26,15,3,11,1,0,0,1,41,50,1
840,PED-HIST-000698,2026-09-22 16:42:59+00:00,0.93,7,8,1,11,1,0,0,1,15,13,0
841,PED-HIST-000699,2026-09-22 16:51:51+00:00,5.77,19,1,2,11,1,0,0,2,20,18,0
842,PED-HIST-000700,2026-09-22 16:55:54+00:00,8.5,27,16,3,11,1,0,0,3,43,60,1
843,PED-HIST-000701,2026-09-22 16:57:44+00:00,0.69,7,12,2,11,1,0,0,3,19,17,0
844,PED-HIST-000702,2026-09-22 17:20:17+00:00,2.9,11,12,1,12,1,1,0,1,23,25,0
845,PED-HIST-000703,2026-09-22 17:21:37+00:00,0.73,6,5,2,12,1,1,0,2,11,9,0
846,PED-HIST-000704,2026-09-22 17:36:59+00:00,2.73,10,1,2,12,1,1,0,2,11,12,0
847,PED-HIST-000705,2026-09-22 17:39:11+00:00,2.04,12,15,4,12,1,1,0,3,27,42,1
848,PED-HIST-000706,2026-09-22 18:09:39+00:00,2.38,10,18,2,13,1,1,0,0,28,32,0
849,PED-HIST-000707,2026-09-22 18:11:26+00:00,2.57,9,1,1,13,1,1,0,1,10,9,0
850,PED-HIST-000708,2026-09-22 18:58:28+00:00,7.9,22,18,4,13,1,1,0,0,40,53,1
851,PED-HIST-000709,2026-09-22 20:39:22+00:00,4.55,16,1,1,15,1,0,0,0,17,21,0
852,PED-HIST-000710,2026-09-22 21:35:12+00:00,3.68,15,12,1,16,1,0,0,0,27,36,1
853,PED-HIST-000711,2026-09-22 21:36:54+00:00,2.1,10,12,3,16,1,0,0,1,22,22,0
854,PED-HIST-000712,2026-09-22 21:49:17+00:00,4.04,13,16,4,16,1,0,0,2,29,32,0
855,PED-HIST-000713,2026-09-22 22:47:20+00:00,1.24,6,1,1,17,1,0,0,0,7,10,0
856,PED-HIST-000714,2026-09-22 23:04:37+00:00,6.82,21,15,3,18,1,0,0,0,36,32,0
857,PED-HIST-000715,2026-09-22 23:13:10+00:00,1.8,8,15,2,18,1,0,0,1,23,19,0
858,PED-HIST-000716,2026-09-22 23:16:57+00:00,0.6,5,16,4,18,1,0,0,2,21,17,0
859,PED-HIST-000717,2026-09-22 23:17:40+00:00,0.75,7,8,2,18,1,0,0,3,15,27,1
860,PED-HIST-000718,2026-09-22 23:27:36+00:00,0.91,7,5,3,18,1,0,0,4,12,16,0
861,PED-HIST-000719,2026-09-22 23:37:36+00:00,3.25,13,12,1,18,1,0,0,1,25,23,0
862,PED-HIST-000720,2026-09-22 23:41:30+00:00,2.21,12,20,1,18,1,0,0,2,32,41,1
863,PED-HIST-000721,2026-09-23 00:25:58+00:00,0.88,5,5,2,19,1,1,0,0,10,8,0
864,PED-HIST-000722,2026-09-23 00:31:59+00:00,8.02,23,15,3,19,1,1,0,1,38,44,1
865,PED-HIST-000723,2026-09-23 00:39:59+00:00,5.16,18,8,2,19,1,1,0,2,26,25,0
866,PED-HIST-000724,2026-09-23 00:52:32+00:00,0.6,6,16,2,19,1,1,0,2,22,24,0
867,PED-HIST-000725,2026-09-23 01:10:26+00:00,4.33,15,7,1,20,1,1,0,1,22,22,0
868,PED-HIST-000726,2026-09-23 01:30:32+00:00,3.18,11,12,2,20,1,1,0,1,23,20,0
869,PED-HIST-000727,2026-09-23 01:46:43+00:00,1.2,10,5,1,20,1,1,0,2,15,19,0
870,PED-HIST-000728,2026-09-23 02:03:39+00:00,0.6,6,1,1,21,1,1,0,0,7,8,0
871,PED-HIST-000729,2026-09-23 02:05:17+00:00,1.84,8,15,5,21,1,1,0,1,23,27,0
872,PED-HIST-000730,2026-09-23 02:05:33+00:00,1.93,12,7,4,21,1,1,0,2,19,21,0
873,PED-HIST-000731,2026-09-23 02:25:28+00:00,5.33,18,8,2,21,1,1,0,2,26,30,0
874,PED-HIST-000732,2026-09-23 02:50:03+00:00,0.84,5,8,2,21,1,1,0,1,13,13,0
875,PED-HIST-000733,2026-09-23 02:58:51+00:00,2.04,9,15,2,21,1,1,0,1,24,30,1
876,PED-HIST-000734,2026-09-23 03:02:19+00:00,5.0,16,20,1,22,1,0,0,2,36,35,0
877,PED-HIST-000735,2026-09-23 03:03:33+00:00,0.6,6,23,5,22,1,0,0,3,29,34,0
878,PED-HIST-000736,2026-09-23 03:04:21+00:00,3.29,13,5,4,22,1,0,0,4,18,25,1
879,PED-HIST-000737,2026-09-23 16:02:53+00:00,2.03,8,12,1,11,2,0,0,0,20,25,0
880,PED-HIST-000738,2026-09-23 16:07:53+00:00,1.42,10,18,4,11,2,0,0,1,28,40,1
881,PED-HIST-000739,2026-09-23 16:10:19+00:00,1.92,10,12,1,11,2,0,0,2,22,21,0
882,PED-HIST-000740,2026-09-23 16:24:35+00:00,2.52,13,7,3,11,2,0,0,3,20,18,0
883,PED-HIST-000741,2026-09-23 16:46:23+00:00,1.87,9,8,1,11,2,0,0,1,17,24,1
884,PED-HIST-000742,2026-09-23 16:58:40+00:00,2.71,9,15,4,11,2,0,0,1,24,27,0
885,PED-HIST-000743,2026-09-23 17:02:06+00:00,5.01,18,12,3,12,2,1,0,1,30,27,0
886,PED-HIST-000744,2026-09-23 17:10:05+00:00,3.37,13,8,2,12,2,1,0,2,21,36,1
887,PED-HIST-000745,2026-09-23 17:17:53+00:00,3.16,12,12,2,12,2,1,0,3,24,23,0
888,PED-HIST-000746,2026-09-23 17:37:40+00:00,1.65,9,15,2,12,2,1,0,1,24,25,0
889,PED-HIST-000747,2026-09-23 17:53:22+00:00,2.28,11,5,2,12,2,1,0,1,16,17,0
890,PED-HIST-000748,2026-09-23 17:56:40+00:00,4.52,15,12,1,12,2,1,0,2,27,39,1
891,PED-HIST-000749,2026-09-23 18:16:57+00:00,2.9,13,1,2,13,2,1,0,1,14,10,0
892,PED-HIST-000750,2026-09-23 18:41:01+00:00,3.6,11,15,3,13,2,1,0,0,26,29,0
893,PED-HIST-000751,2026-09-23 18:45:08+00:00,3.65,12,16,3,13,2,1,0,1,28,45,1
894,PED-HIST-000752,2026-09-23 18:46:27+00:00,0.8,5,15,2,13,2,1,0,2,20,25,0
895,PED-HIST-000753,2026-09-23 18:47:53+00:00,1.47,7,17,5,13,2,1,0,3,24,35,1
896,PED-HIST-000754,2026-09-23 19:02:31+00:00,5.81,18,18,2,14,2,1,0,3,36,44,1
897,PED-HIST-000755,2026-09-23 19:13:13+00:00,0.6,7,5,2,14,2,1,0,2,12,13,0
898,PED-HIST-000756,2026-09-23 19:23:03+00:00,0.6,8,1,3,14,2,1,0,3,9,8,0
899,PED-HIST-000757,2026-09-23 20:05:01+00:00,5.99,22,12,4,15,2,0,0,0,34,45,1
900,PED-HIST-000758,2026-09-23 20:23:19+00:00,5.46,16,12,6,15,2,0,0,1,28,42,1
901,PED-HIST-000759,2026-09-23 20:34:04+00:00,0.6,7,5,3,15,2,0,0,2,12,9,0
902,PED-HIST-000760,2026-09-23 21:02:46+00:00,5.24,17,18,3,16,2,0,0,0,35,50,1
903,PED-HIST-000761,2026-09-23 23:02:26+00:00,3.11,11,15,3,18,2,0,0,0,26,31,0
904,PED-HIST-000762,2026-09-23 23:08:01+00:00,1.85,9,10,1,18,2,0,0,1,19,20,0
905,PED-HIST-000763,2026-09-24 00:19:03+00:00,1.95,8,16,3,19,2,1,0,0,24,25,0
906,PED-HIST-000764,2026-09-24 00:24:18+00:00,0.6,7,12,7,19,2,1,0,1,19,22,0
907,PED-HIST-000765,2026-09-24 00:38:04+00:00,1.21,10,16,4,19,2,1,0,2,26,30,0
908,PED-HIST-000766,2026-09-24 00:53:56+00:00,7.83,24,15,3,19,2,1,0,2,39,46,1
909,PED-HIST-000767,2026-09-24 00:55:27+00:00,1.62,8,6,4,19,2,1,0,3,14,29,1
910,PED-HIST-000768,2026-09-24 01:02:57+00:00,8.5,23,8,1,20,2,1,0,3,31,44,1
911,PED-HIST-000769,2026-09-24 01:17:39+00:00,3.6,15,8,2,20,2,1,0,2,23,38,1
912,PED-HIST-000770,2026-09-24 01:21:51+00:00,3.16,11,5,2,20,2,1,0,3,16,16,0
913,PED-HIST-000771,2026-09-24 01:33:02+00:00,4.27,15,8,1,20,2,1,0,4,23,29,1
914,PED-HIST-000772,2026-09-24 01:43:21+00:00,1.55,8,20,2,20,2,1,0,4,28,32,0
915,PED-HIST-000773,2026-09-24 01:43:38+00:00,2.0,9,15,3,20,2,1,0,5,24,35,1
916,PED-HIST-000774,2026-09-24 01:52:26+00:00,8.43,24,1,1,20,2,1,0,6,25,40,1
917,PED-HIST-000775,2026-09-24 01:59:34+00:00,1.42,9,1,2,20,2,1,0,4,10,13,0
918,PED-HIST-000776,2026-09-24 02:15:40+00:00,4.36,13,10,1,21,2,1,0,2,23,27,0
919,PED-HIST-000777,2026-09-24 03:07:45+00:00,7.16,20,16,4,22,2,0,0,0,36,45,1
920,PED-HIST-000778,2026-09-24 03:10:54+00:00,2.05,8,22,5,22,2,0,0,1,30,27,0
921,PED-HIST-000779,2026-09-24 16:09:36+00:00,5.01,17,10,3,11,3,0,0,0,27,24,0
922,PED-HIST-000780,2026-09-24 16:25:17+00:00,0.77,7,6,1,11,3,0,0,1,13,10,0
923,PED-HIST-000781,2026-09-24 17:01:06+00:00,3.7,16,16,1,12,3,1,0,0,32,31,0
924,PED-HIST-000782,2026-09-24 17:07:16+00:00,1.47,9,20,3,12,3,1,0,1,29,39,1
925,PED-HIST-000783,2026-09-24 17:22:29+00:00,0.87,5,18,4,12,3,1,0,2,23,37,1
926,PED-HIST-000784,2026-09-24 17:33:17+00:00,4.27,14,20,3,12,3,1,0,2,34,41,1
927,PED-HIST-000785,2026-09-24 17:45:46+00:00,0.8,9,12,3,12,3,1,0,3,21,29,1
928,PED-HIST-000786,2026-09-24 18:01:21+00:00,3.37,11,15,2,13,3,1,0,2,26,28,0
929,PED-HIST-000787,2026-09-24 18:14:50+00:00,6.24,17,5,1,13,3,1,0,1,22,33,1
930,PED-HIST-000788,2026-09-24 18:16:53+00:00,4.08,16,5,2,13,3,1,0,2,21,30,1
931,PED-HIST-000789,2026-09-24 18:31:47+00:00,6.05,21,8,2,13,3,1,0,3,29,46,1
932,PED-HIST-000790,2026-09-24 18:32:26+00:00,0.6,6,12,1,13,3,1,0,3,18,22,0
933,PED-HIST-000791,2026-09-24 19:02:56+00:00,5.1,18,12,3,14,3,1,0,1,30,32,0
934,PED-HIST-000792,2026-09-24 19:14:01+00:00,1.18,5,15,5,14,3,1,0,1,20,25,0
935,PED-HIST-000793,2026-09-24 20:49:14+00:00,4.12,13,10,5,15,3,0,0,0,23,22,0
936,PED-HIST-000794,2026-09-24 20:51:00+00:00,1.03,5,15,3,15,3,0,0,1,20,16,0
937,PED-HIST-000795,2026-09-24 21:35:27+00:00,2.3,13,15,1,16,3,0,0,0,28,33,0
938,PED-HIST-000796,2026-09-24 21:39:37+00:00,1.83,8,1,1,16,3,0,0,1,9,20,1
939,PED-HIST-000797,2026-09-24 22:00:48+00:00,4.38,14,8,2,17,3,0,0,1,22,27,0
940,PED-HIST-000798,2026-09-24 23:06:01+00:00,2.38,9,8,3,18,3,0,0,0,17,19,0
941,PED-HIST-000799,2026-09-24 23:17:06+00:00,2.58,9,1,1,18,3,0,0,1,10,14,0
942,PED-HIST-000800,2026-09-24 23:42:10+00:00,4.09,12,8,2,18,3,0,0,0,20,21,0
943,PED-HIST-000801,2026-09-24 23:50:59+00:00,1.35,10,12,1,18,3,0,0,1,22,18,0
944,PED-HIST-000802,2026-09-24 23:56:30+00:00,1.51,10,20,6,18,3,0,0,2,30,36,1
945,PED-HIST-000803,2026-09-24 23:57:15+00:00,4.41,16,1,1,18,3,0,0,3,17,13,0
946,PED-HIST-000804,2026-09-25 00:03:54+00:00,0.74,6,8,1,19,3,1,0,4,14,13,0
947,PED-HIST-000805,2026-09-25 00:20:57+00:00,4.7,17,6,1,19,3,1,0,2,23,25,0
948,PED-HIST-000806,2026-09-25 00:24:43+00:00,4.91,17,1,1,19,3,1,0,3,18,33,1
949,PED-HIST-000807,2026-09-25 01:05:36+00:00,0.6,7,15,1,20,3,1,0,0,22,31,1
950,PED-HIST-000808,2026-09-25 01:19:10+00:00,2.57,12,20,4,20,3,1,0,1,32,45,1
951,PED-HIST-000809,2026-09-25 01:23:51+00:00,2.17,8,14,6,20,3,1,0,2,22,21,0
952,PED-HIST-000810,2026-09-25 02:07:09+00:00,6.76,19,16,1,21,3,1,0,1,35,49,1
953,PED-HIST-000811,2026-09-25 02:08:34+00:00,0.96,7,12,2,21,3,1,0,1,19,23,0
954,PED-HIST-000812,2026-09-25 02:13:58+00:00,2.84,11,6,2,21,3,1,0,2,17,16,0
955,PED-HIST-000813,2026-09-25 02:19:22+00:00,6.72,21,18,2,21,3,1,0,3,39,53,1
956,PED-HIST-000814,2026-09-25 02:36:41+00:00,4.3,15,15,5,21,3,1,0,2,30,46,1
957,PED-HIST-000815,2026-09-25 02:38:25+00:00,4.21,12,18,1,21,3,1,0,3,30,36,1
958,PED-HIST-000816,2026-09-25 02:46:13+00:00,1.11,8,8,2,21,3,1,0,4,16,32,1
959,PED-HIST-000817,2026-09-25 02:58:58+00:00,3.92,13,8,3,21,3,1,0,3,21,28,1
960,PED-HIST-000818,2026-09-25 03:01:09+00:00,8.32,24,7,2,22,3,0,0,4,31,43,1
961,PED-HIST-000819,2026-09-25 03:05:07+00:00,1.52,11,22,5,22,3,0,0,5,33,47,1
962,PED-HIST-000820,2026-09-25 03:20:47+00:00,1.42,8,15,1,22,3,0,0,3,23,27,0
963,PED-HIST-000821,2026-09-25 16:12:33+00:00,8.5,25,8,2,11,4,0,1,0,33,30,0
964,PED-HIST-000822,2026-09-25 16:17:44+00:00,1.57,10,5,3,11,4,0,1,1,15,29,1
965,PED-HIST-000823,2026-09-25 16:56:27+00:00,4.5,15,8,1,11,4,0,1,0,23,24,0
966,PED-HIST-000824,2026-09-25 17:04:58+00:00,4.26,17,5,1,12,4,1,1,1,22,25,0
967,PED-HIST-000825,2026-09-25 17:29:05+00:00,2.87,9,18,2,12,4,1,1,1,27,34,1
968,PED-HIST-000826,2026-09-25 17:34:45+00:00,1.5,10,5,1,12,4,1,1,1,15,12,0
969,PED-HIST-000827,2026-09-25 17:35:41+00:00,2.45,10,1,3,12,4,1,1,2,11,14,0
970,PED-HIST-000828,2026-09-25 17:51:15+00:00,7.7,23,5,2,12,4,1,1,1,28,42,1
971,PED-HIST-000829,2026-09-25 18:09:42+00:00,1.42,11,1,2,13,4,1,1,1,12,10,0
972,PED-HIST-000830,2026-09-25 18:10:24+00:00,3.27,12,12,3,13,4,1,1,2,24,23,0
973,PED-HIST-000831,2026-09-25 18:20:53+00:00,3.26,12,12,3,13,4,1,1,3,24,24,0
974,PED-HIST-000832,2026-09-25 18:24:34+00:00,1.16,7,8,3,13,4,1,1,3,15,15,0
975,PED-HIST-000833,2026-09-25 18:24:47+00:00,3.32,11,1,1,13,4,1,1,4,12,8,0
976,PED-HIST-000834,2026-09-25 18:32:05+00:00,4.51,18,20,4,13,4,1,1,4,38,56,1
977,PED-HIST-000835,2026-09-25 18:49:29+00:00,2.02,9,15,4,13,4,1,1,2,24,37,1
978,PED-HIST-000836,2026-09-25 18:54:40+00:00,1.79,11,18,3,13,4,1,1,3,29,25,0
979,PED-HIST-000837,2026-09-25 18:55:45+00:00,3.76,14,8,1,13,4,1,1,4,22,38,1
980,PED-HIST-000838,2026-09-25 18:56:09+00:00,3.78,13,15,3,13,4,1,1,5,28,43,1
981,PED-HIST-000839,2026-09-25 19:09:00+00:00,6.26,22,18,3,14,4,1,1,5,40,46,1
982,PED-HIST-000840,2026-09-25 19:15:06+00:00,3.83,15,20,1,14,4,1,1,4,35,40,0
983,PED-HIST-000841,2026-09-25 19:16:34+00:00,1.99,10,8,1,14,4,1,1,4,18,14,0
984,PED-HIST-000842,2026-09-25 19:18:36+00:00,3.32,15,1,1,14,4,1,1,5,16,14,0
985,PED-HIST-000843,2026-09-25 19:35:45+00:00,1.86,11,20,2,14,4,1,1,3,31,34,0
986,PED-HIST-000844,2026-09-25 19:36:51+00:00,4.26,16,1,2,14,4,1,1,4,17,24,1
987,PED-HIST-000845,2026-09-25 19:42:23+00:00,4.99,18,10,4,14,4,1,1,4,28,41,1
988,PED-HIST-000846,2026-09-25 20:54:03+00:00,1.44,9,12,1,15,4,0,1,0,21,25,0
989,PED-HIST-000847,2026-09-25 21:10:48+00:00,0.88,5,8,1,16,4,0,1,1,13,17,0
990,PED-HIST-000848,2026-09-25 21:21:05+00:00,0.75,9,15,2,16,4,0,1,1,24,28,0
991,PED-HIST-000849,2026-09-25 21:48:18+00:00,4.17,14,12,2,16,4,0,1,1,26,31,0
992,PED-HIST-000850,2026-09-25 21:53:39+00:00,2.11,11,15,1,16,4,0,1,2,26,26,0
993,PED-HIST-000851,2026-09-25 22:11:48+00:00,3.07,10,10,7,17,4,0,1,2,20,18,0
994,PED-HIST-000852,2026-09-25 22:25:57+00:00,3.23,11,8,1,17,4,0,1,1,19,21,0
995,PED-HIST-000853,2026-09-25 23:10:38+00:00,1.02,8,20,2,18,4,0,1,0,28,32,0
996,PED-HIST-000854,2026-09-25 23:15:25+00:00,3.09,11,12,2,18,4,0,1,1,23,25,0
997,PED-HIST-000855,2026-09-25 23:17:47+00:00,4.12,14,20,2,18,4,0,1,2,34,35,0
998,PED-HIST-000856,2026-09-25 23:29:44+00:00,7.58,22,18,4,18,4,0,1,3,40,46,1
999,PED-HIST-000857,2026-09-25 23:55:58+00:00,1.78,12,5,1,18,4,0,1,1,17,29,1
1000,PED-HIST-000858,2026-09-26 00:14:29+00:00,3.99,14,18,2,19,4,1,1,1,32,50,1
1001,PED-HIST-000859,2026-09-26 00:23:48+00:00,1.24,7,20,3,19,4,1,1,1,27,39,1
1002,PED-HIST-000860,2026-09-26 00:50:18+00:00,3.79,12,5,1,19,4,1,1,1,17,14,0
1003,PED-HIST-000861,2026-09-26 00:56:24+00:00,1.37,10,18,2,19,4,1,1,1,28,27,0
1004,PED-HIST-000862,2026-09-26 00:58:23+00:00,1.68,7,15,2,19,4,1,1,2,22,21,0
1005,PED-HIST-000863,2026-09-26 01:24:55+00:00,0.6,6,16,2,20,4,1,1,2,22,24,0
1006,PED-HIST-000864,2026-09-26 01:25:58+00:00,2.9,14,5,1,20,4,1,1,3,19,22,0
1007,PED-HIST-000865,2026-09-26 01:36:07+00:00,0.6,6,12,3,20,4,1,1,2,18,20,0
1008,PED-HIST-000866,2026-09-26 01:51:46+00:00,3.88,16,18,1,20,4,1,1,1,34,38,0
1009,PED-HIST-000867,2026-09-26 01:52:06+00:00,0.6,6,8,2,20,4,1,1,2,14,11,0
1010,PED-HIST-000868,2026-09-26 02:01:18+00:00,8.5,25,8,2,21,4,1,1,3,33,51,1
1011,PED-HIST-000869,2026-09-26 02:31:46+00:00,0.73,9,8,1,21,4,1,1,1,17,20,0
1012,PED-HIST-000870,2026-09-26 03:04:28+00:00,4.37,14,12,4,22,4,0,1,1,26,28,0
1013,PED-HIST-000871,2026-09-26 03:04:40+00:00,7.58,21,12,2,22,4,0,1,2,33,34,0
1014,PED-HIST-000872,2026-09-26 03:14:44+00:00,0.9,8,12,3,22,4,0,1,2,20,21,0
1015,PED-HIST-000873,2026-09-26 03:29:39+00:00,3.39,15,6,1,22,4,0,1,3,21,37,1
1016,PED-HIST-000874,2026-09-26 16:11:37+00:00,6.07,21,15,2,11,5,0,1,0,36,47,1
1017,PED-HIST-000875,2026-09-26 16:16:00+00:00,2.66,11,5,2,11,5,0,1,1,16,13,0
1018,PED-HIST-000876,2026-09-26 16:41:08+00:00,1.01,10,15,1,11,5,0,1,1,25,29,0
1019,PED-HIST-000877,2026-09-26 16:45:13+00:00,3.21,11,15,1,11,5,0,1,2,26,42,1
1020,PED-HIST-000878,2026-09-26 16:57:47+00:00,4.01,12,15,2,11,5,0,1,2,27,26,0
1021,PED-HIST-000879,2026-09-26 17:02:12+00:00,0.72,7,20,1,12,5,1,1,2,27,33,1
1022,PED-HIST-000880,2026-09-26 17:20:28+00:00,1.35,9,8,2,12,5,1,1,2,17,23,1
1023,PED-HIST-000881,2026-09-26 17:37:49+00:00,3.96,14,19,5,12,5,1,1,1,33,38,0
1024,PED-HIST-000882,2026-09-26 17:46:14+00:00,0.86,9,7,4,12,5,1,1,1,16,31,1
1025,PED-HIST-000883,2026-09-26 17:51:47+00:00,0.96,8,16,1,12,5,1,1,2,24,28,0
1026,PED-HIST-000884,2026-09-26 17:54:12+00:00,3.62,11,7,2,12,5,1,1,3,18,19,0
1027,PED-HIST-000885,2026-09-26 17:55:25+00:00,2.73,13,5,1,12,5,1,1,4,18,15,0
1028,PED-HIST-000886,2026-09-26 18:30:54+00:00,1.09,7,15,4,13,5,1,1,0,22,35,1
1029,PED-HIST-000887,2026-09-26 18:32:01+00:00,0.6,9,12,2,13,5,1,1,1,21,26,0
1030,PED-HIST-000888,2026-09-26 18:33:32+00:00,3.14,14,24,6,13,5,1,1,2,38,48,1
1031,PED-HIST-000889,2026-09-26 18:35:05+00:00,4.02,13,15,2,13,5,1,1,3,28,36,1
1032,PED-HIST-000890,2026-09-26 18:38:16+00:00,2.51,12,6,1,13,5,1,1,4,18,30,1
1033,PED-HIST-000891,2026-09-26 18:43:58+00:00,2.68,12,20,3,13,5,1,1,5,32,50,1
1034,PED-HIST-000892,2026-09-26 18:46:02+00:00,6.92,22,6,1,13,5,1,1,6,28,45,1
1035,PED-HIST-000893,2026-09-26 18:49:41+00:00,0.97,6,18,3,13,5,1,1,7,24,37,1
1036,PED-HIST-000894,2026-09-26 18:56:46+00:00,0.8,8,18,5,13,5,1,1,8,26,44,1
1037,PED-HIST-000895,2026-09-26 19:03:54+00:00,6.36,19,18,4,14,5,1,1,7,37,38,0
1038,PED-HIST-000896,2026-09-26 19:07:18+00:00,1.68,9,18,2,14,5,1,1,7,27,40,1
1039,PED-HIST-000897,2026-09-26 19:19:28+00:00,2.15,8,8,1,14,5,1,1,3,16,21,0
1040,PED-HIST-000898,2026-09-26 19:23:16+00:00,7.6,23,6,1,14,5,1,1,4,29,37,1
1041,PED-HIST-000899,2026-09-26 19:27:19+00:00,8.5,24,22,5,14,5,1,1,4,46,57,1
1042,PED-HIST-000900,2026-09-26 19:39:34+00:00,5.91,19,12,2,14,5,1,1,4,31,41,1
1043,PED-HIST-000901,2026-09-26 20:22:32+00:00,2.44,9,8,1,15,5,0,1,1,17,18,0
1044,PED-HIST-000902,2026-09-26 21:49:12+00:00,1.2,10,12,2,16,5,0,1,0,22,35,1
1045,PED-HIST-000903,2026-09-26 21:49:56+00:00,5.87,18,15,3,16,5,0,1,1,33,41,1
1046,PED-HIST-000904,2026-09-26 22:00:44+00:00,2.01,11,23,6,17,5,0,1,2,34,47,1
1047,PED-HIST-000905,2026-09-26 22:22:59+00:00,4.95,18,16,2,17,5,0,1,2,34,41,1
1048,PED-HIST-000906,2026-09-26 22:51:28+00:00,2.8,14,13,5,17,5,0,1,1,27,41,1
1049,PED-HIST-000907,2026-09-26 22:54:59+00:00,4.05,14,13,5,17,5,0,1,2,27,27,0
1050,PED-HIST-000908,2026-09-26 23:05:07+00:00,0.67,8,16,1,18,5,0,1,2,24,21,0
1051,PED-HIST-000909,2026-09-26 23:06:02+00:00,5.7,18,15,2,18,5,0,1,3,33,29,0
1052,PED-HIST-000910,2026-09-26 23:06:09+00:00,1.25,8,7,2,18,5,0,1,4,15,18,0
1053,PED-HIST-000911,2026-09-26 23:08:47+00:00,4.59,15,20,2,18,5,0,1,5,35,53,1
1054,PED-HIST-000912,2026-09-26 23:42:34+00:00,1.68,7,1,2,18,5,0,1,0,8,8,0
1055,PED-HIST-000913,2026-09-26 23:46:52+00:00,0.67,8,6,3,18,5,0,1,1,14,17,0
1056,PED-HIST-000914,2026-09-26 23:49:06+00:00,1.73,11,5,1,18,5,0,1,2,16,28,1
1057,PED-HIST-000915,2026-09-26 23:59:10+00:00,5.85,21,16,5,18,5,0,1,2,37,34,0
1058,PED-HIST-000916,2026-09-27 00:14:27+00:00,3.97,15,8,2,19,5,1,1,2,23,35,1
1059,PED-HIST-000917,2026-09-27 00:16:35+00:00,4.55,16,18,2,19,5,1,1,3,34,51,1
1060,PED-HIST-000918,2026-09-27 00:17:00+00:00,1.62,7,20,4,19,5,1,1,4,27,33,1
1061,PED-HIST-000919,2026-09-27 00:34:00+00:00,0.6,6,20,1,19,5,1,1,2,26,38,1
1062,PED-HIST-000920,2026-09-27 00:47:48+00:00,2.78,12,1,1,19,5,1,1,3,13,17,0
1063,PED-HIST-000921,2026-09-27 00:56:37+00:00,2.45,13,12,1,19,5,1,1,2,25,36,1
1064,PED-HIST-000922,2026-09-27 01:05:43+00:00,0.6,5,8,2,20,5,1,1,2,13,13,0
1065,PED-HIST-000923,2026-09-27 01:07:57+00:00,4.1,16,12,5,20,5,1,1,3,28,42,1
1066,PED-HIST-000924,2026-09-27 01:08:00+00:00,3.57,11,11,5,20,5,1,1,4,22,27,0
1067,PED-HIST-000925,2026-09-27 01:13:18+00:00,1.17,7,8,3,20,5,1,1,5,15,20,0
1068,PED-HIST-000926,2026-09-27 01:41:49+00:00,4.34,13,20,6,20,5,1,1,1,33,46,1
1069,PED-HIST-000927,2026-09-27 01:45:16+00:00,0.69,8,15,2,20,5,1,1,1,23,25,0
1070,PED-HIST-000928,2026-09-27 02:03:32+00:00,1.08,9,7,4,21,5,1,1,2,16,14,0
1071,PED-HIST-000929,2026-09-27 02:38:17+00:00,1.33,11,1,1,21,5,1,1,0,12,29,1
1072,PED-HIST-000930,2026-09-27 02:39:08+00:00,3.41,13,12,1,21,5,1,1,1,25,37,1
1073,PED-HIST-000931,2026-09-27 02:39:13+00:00,2.76,12,19,5,21,5,1,1,2,31,30,0
1074,PED-HIST-000932,2026-09-27 02:55:00+00:00,3.25,13,8,2,21,5,1,1,2,21,36,1
1075,PED-HIST-000933,2026-09-27 03:03:54+00:00,0.98,8,8,3,22,5,0,1,3,16,16,0
1076,PED-HIST-000934,2026-09-27 03:05:18+00:00,2.87,11,5,1,22,5,0,1,4,16,12,0
1077,PED-HIST-000935,2026-09-27 03:06:34+00:00,4.71,14,15,4,22,5,0,1,5,29,35,1
1078,PED-HIST-000936,2026-09-27 03:07:37+00:00,4.33,17,12,4,22,5,0,1,6,29,46,1
1079,PED-HIST-000937,2026-09-27 03:07:58+00:00,1.86,7,8,3,22,5,0,1,7,15,28,1
1080,PED-HIST-000938,2026-09-27 03:19:03+00:00,3.88,13,18,6,22,5,0,1,4,31,44,1
1081,PED-HIST-000939,2026-09-27 03:22:26+00:00,2.86,10,7,3,22,5,0,1,4,17,21,0
1082,PED-HIST-000940,2026-09-27 03:25:33+00:00,6.97,19,8,3,22,5,0,1,4,27,41,1
1083,PED-HIST-000941,2026-09-27 16:01:15+00:00,4.96,15,20,4,11,6,0,1,0,35,33,0
1084,PED-HIST-000942,2026-09-27 16:24:04+00:00,0.6,5,12,2,11,6,0,1,1,17,19,0
1085,PED-HIST-000943,2026-09-27 16:58:56+00:00,2.86,10,5,1,11,6,0,1,0,15,16,0
1086,PED-HIST-000944,2026-09-27 17:07:26+00:00,6.06,17,25,5,12,6,1,1,1,42,52,1
1087,PED-HIST-000945,2026-09-27 17:09:12+00:00,4.42,13,8,2,12,6,1,1,2,21,31,1
1088,PED-HIST-000946,2026-09-27 17:39:07+00:00,2.64,11,25,5,12,6,1,1,2,36,45,1
1089,PED-HIST-000947,2026-09-27 17:44:26+00:00,5.31,16,12,1,12,6,1,1,3,28,45,1
1090,PED-HIST-000948,2026-09-27 18:04:53+00:00,0.65,9,18,3,13,6,1,1,2,27,27,0
1091,PED-HIST-000949,2026-09-27 18:15:32+00:00,2.21,10,10,5,13,6,1,1,3,20,36,1
1092,PED-HIST-000950,2026-09-27 18:29:40+00:00,5.73,18,15,2,13,6,1,1,1,33,48,1
1093,PED-HIST-000951,2026-09-27 18:32:52+00:00,1.52,9,6,3,13,6,1,1,2,15,33,1
1094,PED-HIST-000952,2026-09-27 18:43:37+00:00,2.47,9,5,2,13,6,1,1,2,14,26,1
1095,PED-HIST-000953,2026-09-27 18:46:59+00:00,0.6,8,12,4,13,6,1,1,3,20,28,1
1096,PED-HIST-000954,2026-09-27 19:15:22+00:00,4.97,18,12,1,14,6,1,1,0,30,28,0
1097,PED-HIST-000955,2026-09-27 19:45:18+00:00,8.5,23,12,1,14,6,1,1,0,35,51,1
1098,PED-HIST-000956,2026-09-27 19:53:30+00:00,3.35,13,12,4,14,6,1,1,1,25,40,1
1099,PED-HIST-000957,2026-09-27 20:01:46+00:00,0.6,6,12,4,15,6,0,1,2,18,19,0
1100,PED-HIST-000958,2026-09-27 20:21:32+00:00,0.62,5,12,2,15,6,0,1,2,17,21,0
1101,PED-HIST-000959,2026-09-27 21:29:30+00:00,4.97,18,15,3,16,6,0,1,0,33,32,0
1102,PED-HIST-000960,2026-09-27 22:11:27+00:00,2.83,13,8,3,17,6,0,1,0,21,21,0
1103,PED-HIST-000961,2026-09-27 22:23:28+00:00,1.04,6,12,3,17,6,0,1,1,18,17,0
1104,PED-HIST-000962,2026-09-27 22:29:52+00:00,2.13,11,8,3,17,6,0,1,2,19,34,1
1105,PED-HIST-000963,2026-09-27 23:05:55+00:00,2.29,10,18,7,18,6,0,1,0,28,36,1
1106,PED-HIST-000964,2026-09-27 23:13:55+00:00,1.05,8,1,2,18,6,0,1,1,9,14,0
1107,PED-HIST-000965,2026-09-27 23:36:46+00:00,4.26,14,15,4,18,6,0,1,0,29,25,0
1108,PED-HIST-000966,2026-09-27 23:38:56+00:00,1.14,7,12,2,18,6,0,1,1,19,18,0
1109,PED-HIST-000967,2026-09-27 23:43:27+00:00,3.62,14,8,1,18,6,0,1,2,22,21,0
1110,PED-HIST-000968,2026-09-27 23:52:25+00:00,3.21,14,5,2,18,6,0,1,3,19,17,0
1111,PED-HIST-000969,2026-09-28 00:05:56+00:00,5.58,20,17,5,19,6,1,1,2,37,49,1
1112,PED-HIST-000970,2026-09-28 00:10:23+00:00,3.23,13,18,2,19,6,1,1,3,31,44,1
1113,PED-HIST-000971,2026-09-28 00:14:36+00:00,0.6,5,18,3,19,6,1,1,3,23,38,1
1114,PED-HIST-000972,2026-09-28 00:38:23+00:00,4.51,18,15,4,19,6,1,1,2,33,38,0
1115,PED-HIST-000973,2026-09-28 00:40:59+00:00,3.72,14,15,3,19,6,1,1,3,29,25,0
1116,PED-HIST-000974,2026-09-28 00:41:24+00:00,3.51,12,1,1,19,6,1,1,3,13,14,0
1117,PED-HIST-000975,2026-09-28 00:53:18+00:00,3.43,15,12,1,19,6,1,1,3,27,25,0
1118,PED-HIST-000976,2026-09-28 01:11:51+00:00,3.05,14,5,1,20,6,1,1,1,19,15,0
1119,PED-HIST-000977,2026-09-28 01:18:28+00:00,3.34,11,14,5,20,6,1,1,2,25,39,1
1120,PED-HIST-000978,2026-09-28 01:43:41+00:00,1.08,9,18,2,20,6,1,1,1,27,40,1
1121,PED-HIST-000979,2026-09-28 01:53:45+00:00,2.77,13,10,8,20,6,1,1,2,23,32,1
1122,PED-HIST-000980,2026-09-28 01:54:47+00:00,3.65,12,20,1,20,6,1,1,3,32,34,0
1123,PED-HIST-000981,2026-09-28 01:56:40+00:00,4.59,15,8,3,20,6,1,1,4,23,37,1
1124,PED-HIST-000982,2026-09-28 02:02:50+00:00,7.1,22,5,2,21,6,1,1,4,27,42,1
1125,PED-HIST-000983,2026-09-28 02:15:18+00:00,8.5,27,8,2,21,6,1,1,4,35,50,1
1126,PED-HIST-000984,2026-09-28 02:35:16+00:00,5.35,19,12,1,21,6,1,1,2,31,49,1
1127,PED-HIST-000985,2026-09-28 02:38:27+00:00,0.6,7,7,3,21,6,1,1,3,14,29,1
1128,PED-HIST-000986,2026-09-28 02:48:59+00:00,1.53,7,8,4,21,6,1,1,3,15,19,0
1129,PED-HIST-000987,2026-09-28 02:52:44+00:00,5.75,20,12,1,21,6,1,1,4,32,39,1
1130,PED-HIST-000988,2026-09-28 02:52:56+00:00,3.88,16,8,4,21,6,1,1,5,24,36,1
1131,PED-HIST-000989,2026-09-28 03:01:45+00:00,2.26,12,12,2,22,6,0,1,5,24,26,0
1132,PED-HIST-000990,2026-09-28 03:04:03+00:00,1.09,6,12,2,22,6,0,1,5,18,29,1
1133,PED-HIST-000991,2026-09-28 03:04:20+00:00,3.03,11,8,3,22,6,0,1,6,19,36,1
1134,PED-HIST-000992,2026-09-28 03:04:48+00:00,2.72,10,1,1,22,6,0,1,7,11,16,0
1135,PED-HIST-000993,2026-09-28 03:06:45+00:00,0.66,5,18,2,22,6,0,1,8,23,25,0
1136,PED-HIST-000994,2026-09-28 03:07:34+00:00,2.68,11,12,3,22,6,0,1,9,23,39,1
1137,PED-HIST-000995,2026-09-28 03:09:49+00:00,1.27,9,18,2,22,6,0,1,8,27,37,1
1138,PED-HIST-000996,2026-09-28 03:19:09+00:00,5.36,20,17,5,22,6,0,1,8,37,49,1
1139,PED-HIST-000997,2026-09-28 03:19:14+00:00,5.7,19,20,4,22,6,0,1,9,39,59,1
1140,PED-HIST-000998,2026-09-28 03:20:38+00:00,1.91,8,1,1,22,6,0,1,9,9,8,0
1141,PED-HIST-000999,2026-09-28 03:26:41+00:00,1.77,10,5,2,22,6,0,1,7,15,11,0
1142,PED-HIST-001000,2026-09-28 03:28:41+00:00,7.38,24,18,4,22,6,0,1,5,42,56,1
